relative_path,source_file,page,page_count,char_count,reason,diagnosis,recommended_action,image_count,image_info_count,text_blocks,image_blocks,drawings,image_coverage,max_image_coverage,text_preview
171110_np_arm-dpid_286-no-homologation-des-systemes-de-protection-de-site.pdf,171110_np_arm-dpid_286-no-homologation-des-systemes-de-protection-de-site.pdf,1,4,0,empty_text,likely_scanned_or_full_page_image,OCR page render; optionally extract full-page image,1,1,0,1,0,1.0,1.0,
171110_np_arm-dpid_286-no-homologation-des-systemes-de-protection-de-site.pdf,171110_np_arm-dpid_286-no-homologation-des-systemes-de-protection-de-site.pdf,2,4,0,empty_text,likely_scanned_or_full_page_image,OCR page render; optionally extract full-page image,1,1,0,1,0,1.0,1.0,
171110_np_arm-dpid_286-no-homologation-des-systemes-de-protection-de-site.pdf,171110_np_arm-dpid_286-no-homologation-des-systemes-de-protection-de-site.pdf,3,4,0,empty_text,likely_scanned_or_full_page_image,OCR page render; optionally extract full-page image,1,1,0,0,0,1.0,1.001,
171110_np_arm-dpid_286-no-homologation-des-systemes-de-protection-de-site.pdf,171110_np_arm-dpid_286-no-homologation-des-systemes-de-protection-de-site.pdf,4,4,0,empty_text,likely_scanned_or_full_page_image,OCR page render; optionally extract full-page image,1,1,0,1,0,1.0,1.0,
2005_rapport_senat_r05-2151.pdf,2005_rapport_senat_r05-2151.pdf,2,56,5,too_few_text_chars,few_chars_text_only_or_separator,"inspect/render; often page number, blank, divider, or table artifact",0,0,1,0,0,0.0,0.0,- 2 -
2005_rapport_senat_r05-2151.pdf,2005_rapport_senat_r05-2151.pdf,4,56,5,too_few_text_chars,few_chars_text_only_or_separator,"inspect/render; often page number, blank, divider, or table artifact",0,0,1,0,0,0.0,0.0,- 4 -
2005_rapport_senat_r05-2151.pdf,2005_rapport_senat_r05-2151.pdf,38,56,6,too_few_text_chars,few_chars_text_only_or_separator,"inspect/render; often page number, blank, divider, or table artifact",0,0,1,0,0,0.0,0.0,- 38 -
2005_rapport_senat_r05-2151.pdf,2005_rapport_senat_r05-2151.pdf,46,56,6,too_few_text_chars,few_chars_text_only_or_separator,"inspect/render; often page number, blank, divider, or table artifact",0,0,1,0,0,0.0,0.0,- 46 -
2005_rapport_senat_r05-2151.pdf,2005_rapport_senat_r05-2151.pdf,50,56,6,too_few_text_chars,few_chars_text_only_or_separator,"inspect/render; often page number, blank, divider, or table artifact",0,0,1,0,0,0.0,0.0,- 50 -
20081006-np-cicde-pia-3312-drones-2008.pdf,20081006-np-cicde-pia-3312-drones-2008.pdf,3,25,0,empty_text,image_only_or_image_dominant_without_text_layer,OCR page render; extract embedded images if needed,2,2,0,2,0,0.825,0.413,
20081006-np-cicde-pia-3312-drones-2008.pdf,20081006-np-cicde-pia-3312-drones-2008.pdf,4,25,0,empty_text,image_only_or_image_dominant_without_text_layer,OCR page render; extract embedded images if needed,2,2,0,2,0,0.837,0.419,
20081006-np-cicde-pia-3312-drones-2008.pdf,20081006-np-cicde-pia-3312-drones-2008.pdf,5,25,0,empty_text,image_only_or_image_dominant_without_text_layer,OCR page render; extract embedded images if needed,2,2,0,2,0,0.312,0.156,
2011113_IGI 1300_Protection du secret de la defense nationale_NP.pdf,2011113_IGI 1300_Protection du secret de la defense nationale_NP.pdf,2,180,1,too_few_text_chars,few_chars_text_only_or_separator,"inspect/render; often page number, blank, divider, or table artifact",0,0,2,0,0,0.0,0.0,2
2011113_IGI 1300_Protection du secret de la defense nationale_NP.pdf,2011113_IGI 1300_Protection du secret de la defense nationale_NP.pdf,144,180,3,too_few_text_chars,page_number_or_tiny_text_plus_full_page_image,OCR page render; keep existing tiny text only as metadata,1,1,2,1,0,0.76,0.76,144
2011113_IGI 1300_Protection du secret de la defense nationale_NP.pdf,2011113_IGI 1300_Protection du secret de la defense nationale_NP.pdf,145,180,0,empty_text,image_only_or_image_dominant_without_text_layer,OCR page render; extract embedded images if needed,0,1008,1,1008,0,0.743,0.001,
2011113_IGI 1300_Protection du secret de la defense nationale_NP.pdf,2011113_IGI 1300_Protection du secret de la defense nationale_NP.pdf,146,180,3,too_few_text_chars,few_chars_plus_images,OCR page render; likely captions/page number extracted only,0,1007,2,0,0,0.743,0.001,146
2011113_IGI 1300_Protection du secret de la defense nationale_NP.pdf,2011113_IGI 1300_Protection du secret de la defense nationale_NP.pdf,147,180,0,empty_text,image_only_or_image_dominant_without_text_layer,OCR page render; extract embedded images if needed,0,1033,2,1033,0,0.785,0.001,
2011113_IGI 1300_Protection du secret de la defense nationale_NP.pdf,2011113_IGI 1300_Protection du secret de la defense nationale_NP.pdf,148,180,3,too_few_text_chars,few_chars_plus_images,OCR page render; likely captions/page number extracted only,0,1049,2,1049,0,0.806,0.001,148
2011113_IGI 1300_Protection du secret de la defense nationale_NP.pdf,2011113_IGI 1300_Protection du secret de la defense nationale_NP.pdf,149,180,3,too_few_text_chars,few_chars_plus_images,OCR page render; likely captions/page number extracted only,0,1058,2,1058,0,0.816,0.001,149
2011113_IGI 1300_Protection du secret de la defense nationale_NP.pdf,2011113_IGI 1300_Protection du secret de la defense nationale_NP.pdf,150,180,3,too_few_text_chars,few_chars_plus_images,OCR page render; likely captions/page number extracted only,0,1057,2,1057,0,0.833,0.001,150
20120606-NP-CICDE-RDIA-2012-010-ESDA-2012_future-DIA-3.3.8.pdf,20120606-NP-CICDE-RDIA-2012-010-ESDA-2012_future-DIA-3.3.8.pdf,11,64,2,too_few_text_chars,few_chars_plus_images,OCR page render; likely captions/page number extracted only,1,1,2,1,0,0.637,0.637,11
20151016-NP-SGDSN_Strategie-nationale-securite-numerique.pdf,20151016-NP-SGDSN_Strategie-nationale-securite-numerique.pdf,2,44,0,empty_text,vector_form_or_drawn_content_no_text_layer,OCR rendered page; image extraction alone may miss vector text,0,0,0,0,1,0.0,0.0,
20151016-NP-SGDSN_Strategie-nationale-securite-numerique.pdf,20151016-NP-SGDSN_Strategie-nationale-securite-numerique.pdf,8,44,0,empty_text,blank_or_structural_page,"render quick thumbnail; skip if visually blank, otherwise OCR render",0,0,0,0,0,0.0,0.0,
20151016-NP-SGDSN_Strategie-nationale-securite-numerique.pdf,20151016-NP-SGDSN_Strategie-nationale-securite-numerique.pdf,12,44,0,empty_text,likely_scanned_or_full_page_image,OCR page render; optionally extract full-page image,0,1,0,0,1,1.0,1.001,
20151016-NP-SGDSN_Strategie-nationale-securite-numerique.pdf,20151016-NP-SGDSN_Strategie-nationale-securite-numerique.pdf,14,44,0,empty_text,likely_scanned_or_full_page_image,OCR page render; optionally extract full-page image,0,1,0,0,0,1.0,1.001,
20151016-NP-SGDSN_Strategie-nationale-securite-numerique.pdf,20151016-NP-SGDSN_Strategie-nationale-securite-numerique.pdf,20,44,0,empty_text,likely_scanned_or_full_page_image,OCR page render; optionally extract full-page image,0,1,0,0,0,1.0,1.001,
20151016-NP-SGDSN_Strategie-nationale-securite-numerique.pdf,20151016-NP-SGDSN_Strategie-nationale-securite-numerique.pdf,38,44,0,empty_text,likely_scanned_or_full_page_image,OCR page render; optionally extract full-page image,0,1,0,0,0,1.0,1.001,
20151016-NP-SGDSN_Strategie-nationale-securite-numerique.pdf,20151016-NP-SGDSN_Strategie-nationale-securite-numerique.pdf,43,44,0,empty_text,vector_form_or_drawn_content_no_text_layer,OCR rendered page; image extraction alone may miss vector text,0,0,0,0,1,0.0,0.0,
20160108_NP_CICDE_004-Lettre-grands-evenements-2.pdf,20160108_NP_CICDE_004-Lettre-grands-evenements-2.pdf,1,7,0,empty_text,likely_scanned_or_full_page_image,OCR page render; optionally extract full-page image,1,1,0,0,0,1.0,1.0,
20160108_NP_CICDE_004-Lettre-grands-evenements-2.pdf,20160108_NP_CICDE_004-Lettre-grands-evenements-2.pdf,2,7,0,empty_text,likely_scanned_or_full_page_image,OCR page render; optionally extract full-page image,1,1,0,0,0,1.0,1.0,
20160108_NP_CICDE_004-Lettre-grands-evenements-2.pdf,20160108_NP_CICDE_004-Lettre-grands-evenements-2.pdf,3,7,0,empty_text,likely_scanned_or_full_page_image,OCR page render; optionally extract full-page image,1,1,0,0,0,1.0,1.0,
20160108_NP_CICDE_004-Lettre-grands-evenements-2.pdf,20160108_NP_CICDE_004-Lettre-grands-evenements-2.pdf,4,7,0,empty_text,likely_scanned_or_full_page_image,OCR page render; optionally extract full-page image,1,1,0,0,0,1.0,1.0,
20160108_NP_CICDE_004-Lettre-grands-evenements-2.pdf,20160108_NP_CICDE_004-Lettre-grands-evenements-2.pdf,5,7,0,empty_text,likely_scanned_or_full_page_image,OCR page render; optionally extract full-page image,1,1,0,0,0,1.0,1.0,
20160108_NP_CICDE_004-Lettre-grands-evenements-2.pdf,20160108_NP_CICDE_004-Lettre-grands-evenements-2.pdf,6,7,0,empty_text,likely_scanned_or_full_page_image,OCR page render; optionally extract full-page image,1,1,0,0,0,1.0,1.0,
20160108_NP_CICDE_004-Lettre-grands-evenements-2.pdf,20160108_NP_CICDE_004-Lettre-grands-evenements-2.pdf,7,7,0,empty_text,likely_scanned_or_full_page_image,OCR page render; optionally extract full-page image,1,1,0,0,0,1.0,1.0,
20160311_NP_CICDE_057_Lettre_RETEX_Lutte_prevention_contre_grands_fleaux.pdf,20160311_NP_CICDE_057_Lettre_RETEX_Lutte_prevention_contre_grands_fleaux.pdf,1,6,0,empty_text,likely_scanned_or_full_page_image,OCR page render; optionally extract full-page image,1,1,0,0,0,1.0,1.0,
20160311_NP_CICDE_057_Lettre_RETEX_Lutte_prevention_contre_grands_fleaux.pdf,20160311_NP_CICDE_057_Lettre_RETEX_Lutte_prevention_contre_grands_fleaux.pdf,2,6,0,empty_text,likely_scanned_or_full_page_image,OCR page render; optionally extract full-page image,1,1,0,0,0,1.0,1.0,
20160311_NP_CICDE_057_Lettre_RETEX_Lutte_prevention_contre_grands_fleaux.pdf,20160311_NP_CICDE_057_Lettre_RETEX_Lutte_prevention_contre_grands_fleaux.pdf,3,6,0,empty_text,likely_scanned_or_full_page_image,OCR page render; optionally extract full-page image,1,1,0,0,0,1.0,1.0,
20160311_NP_CICDE_057_Lettre_RETEX_Lutte_prevention_contre_grands_fleaux.pdf,20160311_NP_CICDE_057_Lettre_RETEX_Lutte_prevention_contre_grands_fleaux.pdf,4,6,0,empty_text,likely_scanned_or_full_page_image,OCR page render; optionally extract full-page image,1,1,0,0,0,1.0,1.0,
20160311_NP_CICDE_057_Lettre_RETEX_Lutte_prevention_contre_grands_fleaux.pdf,20160311_NP_CICDE_057_Lettre_RETEX_Lutte_prevention_contre_grands_fleaux.pdf,5,6,0,empty_text,likely_scanned_or_full_page_image,OCR page render; optionally extract full-page image,1,1,0,0,0,1.0,1.0,
20160311_NP_CICDE_057_Lettre_RETEX_Lutte_prevention_contre_grands_fleaux.pdf,20160311_NP_CICDE_057_Lettre_RETEX_Lutte_prevention_contre_grands_fleaux.pdf,6,6,0,empty_text,likely_scanned_or_full_page_image,OCR page render; optionally extract full-page image,1,1,0,0,0,1.0,1.0,
20160426_np_cicde_084_lettre_synthese_croisee_gb-fr_operations_face_epid.pdf,20160426_np_cicde_084_lettre_synthese_croisee_gb-fr_operations_face_epid.pdf,1,5,0,empty_text,likely_scanned_or_full_page_image,OCR page render; optionally extract full-page image,1,1,0,0,0,1.0,1.0,
20160426_np_cicde_084_lettre_synthese_croisee_gb-fr_operations_face_epid.pdf,20160426_np_cicde_084_lettre_synthese_croisee_gb-fr_operations_face_epid.pdf,2,5,0,empty_text,likely_scanned_or_full_page_image,OCR page render; optionally extract full-page image,1,1,0,0,0,1.0,1.0,
20160426_np_cicde_084_lettre_synthese_croisee_gb-fr_operations_face_epid.pdf,20160426_np_cicde_084_lettre_synthese_croisee_gb-fr_operations_face_epid.pdf,3,5,0,empty_text,likely_scanned_or_full_page_image,OCR page render; optionally extract full-page image,1,1,0,0,0,1.0,1.0,
20160426_np_cicde_084_lettre_synthese_croisee_gb-fr_operations_face_epid.pdf,20160426_np_cicde_084_lettre_synthese_croisee_gb-fr_operations_face_epid.pdf,4,5,0,empty_text,likely_scanned_or_full_page_image,OCR page render; optionally extract full-page image,1,1,0,0,0,1.0,1.0,
20160426_np_cicde_084_lettre_synthese_croisee_gb-fr_operations_face_epid.pdf,20160426_np_cicde_084_lettre_synthese_croisee_gb-fr_operations_face_epid.pdf,5,5,0,empty_text,likely_scanned_or_full_page_image,OCR page render; optionally extract full-page image,1,1,0,0,0,1.0,1.0,
20160527_np_cicde_108_lettre_gagner_la_guerre_gagner_la_paix_-_approche_retex.pdf,20160527_np_cicde_108_lettre_gagner_la_guerre_gagner_la_paix_-_approche_retex.pdf,1,7,0,empty_text,likely_scanned_or_full_page_image,OCR page render; optionally extract full-page image,1,1,0,0,0,1.0,1.0,
20160527_np_cicde_108_lettre_gagner_la_guerre_gagner_la_paix_-_approche_retex.pdf,20160527_np_cicde_108_lettre_gagner_la_guerre_gagner_la_paix_-_approche_retex.pdf,2,7,0,empty_text,likely_scanned_or_full_page_image,OCR page render; optionally extract full-page image,1,1,0,0,0,1.0,1.0,
20160527_np_cicde_108_lettre_gagner_la_guerre_gagner_la_paix_-_approche_retex.pdf,20160527_np_cicde_108_lettre_gagner_la_guerre_gagner_la_paix_-_approche_retex.pdf,3,7,0,empty_text,likely_scanned_or_full_page_image,OCR page render; optionally extract full-page image,1,1,0,0,0,1.0,1.0,
20160527_np_cicde_108_lettre_gagner_la_guerre_gagner_la_paix_-_approche_retex.pdf,20160527_np_cicde_108_lettre_gagner_la_guerre_gagner_la_paix_-_approche_retex.pdf,4,7,0,empty_text,likely_scanned_or_full_page_image,OCR page render; optionally extract full-page image,1,1,0,0,0,1.0,1.0,
20160527_np_cicde_108_lettre_gagner_la_guerre_gagner_la_paix_-_approche_retex.pdf,20160527_np_cicde_108_lettre_gagner_la_guerre_gagner_la_paix_-_approche_retex.pdf,5,7,0,empty_text,likely_scanned_or_full_page_image,OCR page render; optionally extract full-page image,1,1,0,0,0,1.0,1.0,
20160527_np_cicde_108_lettre_gagner_la_guerre_gagner_la_paix_-_approche_retex.pdf,20160527_np_cicde_108_lettre_gagner_la_guerre_gagner_la_paix_-_approche_retex.pdf,6,7,0,empty_text,likely_scanned_or_full_page_image,OCR page render; optionally extract full-page image,1,1,0,0,0,1.0,1.0,
20160527_np_cicde_108_lettre_gagner_la_guerre_gagner_la_paix_-_approche_retex.pdf,20160527_np_cicde_108_lettre_gagner_la_guerre_gagner_la_paix_-_approche_retex.pdf,7,7,0,empty_text,likely_scanned_or_full_page_image,OCR page render; optionally extract full-page image,1,1,0,0,0,1.0,1.0,
20170101_NP_Convention_ASN-ASND - Laboratoires CEA et marine.pdf,20170101_NP_Convention_ASN-ASND - Laboratoires CEA et marine.pdf,1,5,0,empty_text,likely_scanned_or_full_page_image,OCR page render; optionally extract full-page image,3,3,0,3,0,1.0,1.0,
20170101_NP_Convention_ASN-ASND - Laboratoires CEA et marine.pdf,20170101_NP_Convention_ASN-ASND - Laboratoires CEA et marine.pdf,2,5,0,empty_text,likely_scanned_or_full_page_image,OCR page render; optionally extract full-page image,3,3,0,3,0,1.0,1.0,
20170101_NP_Convention_ASN-ASND - Laboratoires CEA et marine.pdf,20170101_NP_Convention_ASN-ASND - Laboratoires CEA et marine.pdf,3,5,0,empty_text,likely_scanned_or_full_page_image,OCR page render; optionally extract full-page image,3,3,0,3,0,1.0,1.0,
20170101_NP_Convention_ASN-ASND - Laboratoires CEA et marine.pdf,20170101_NP_Convention_ASN-ASND - Laboratoires CEA et marine.pdf,4,5,0,empty_text,likely_scanned_or_full_page_image,OCR page render; optionally extract full-page image,2,2,0,2,0,1.0,1.0,
20170101_NP_Convention_ASN-ASND - Laboratoires CEA et marine.pdf,20170101_NP_Convention_ASN-ASND - Laboratoires CEA et marine.pdf,5,5,0,empty_text,likely_scanned_or_full_page_image,OCR page render; optionally extract full-page image,3,3,0,3,0,1.0,1.0,
20181019_NP_DPID_Note-278-vidéoprotection-sur-la-voie-publique.pdf,20181019_NP_DPID_Note-278-vidéoprotection-sur-la-voie-publique.pdf,1,3,0,empty_text,likely_scanned_or_full_page_image,OCR page render; optionally extract full-page image,1,1,0,0,0,1.0,1.0,
20181019_NP_DPID_Note-278-vidéoprotection-sur-la-voie-publique.pdf,20181019_NP_DPID_Note-278-vidéoprotection-sur-la-voie-publique.pdf,2,3,0,empty_text,likely_scanned_or_full_page_image,OCR page render; optionally extract full-page image,1,1,0,0,0,1.0,1.0,
20181019_NP_DPID_Note-278-vidéoprotection-sur-la-voie-publique.pdf,20181019_NP_DPID_Note-278-vidéoprotection-sur-la-voie-publique.pdf,3,3,0,empty_text,likely_scanned_or_full_page_image,OCR page render; optionally extract full-page image,1,1,0,0,0,1.0,1.0,
2018_NP_ARM_Rapport_Aux harkis la France reconnaissante.pdf,2018_NP_ARM_Rapport_Aux harkis la France reconnaissante.pdf,186,198,3,too_few_text_chars,few_chars_plus_images,OCR page render; likely captions/page number extracted only,2,3,4,1,1,0.598,0.594,186
2018_NP_ARM_Rapport_Aux harkis la France reconnaissante.pdf,2018_NP_ARM_Rapport_Aux harkis la France reconnaissante.pdf,187,198,3,too_few_text_chars,few_chars_plus_images,OCR page render; likely captions/page number extracted only,2,3,4,1,1,0.615,0.611,187
2018_NP_ARM_Rapport_Aux harkis la France reconnaissante.pdf,2018_NP_ARM_Rapport_Aux harkis la France reconnaissante.pdf,188,198,3,too_few_text_chars,few_chars_plus_images,OCR page render; likely captions/page number extracted only,2,3,5,1,1,0.61,0.606,188
20190909_NP_EMAT-NP_LE508717-SYNTHESE-ANNUELLE-DU-RETEX-CYCLE-2018-2019-2.pdf,20190909_NP_EMAT-NP_LE508717-SYNTHESE-ANNUELLE-DU-RETEX-CYCLE-2018-2019-2.pdf,2,12,16,too_few_text_chars,page_number_or_tiny_text_plus_full_page_image,OCR page render; keep existing tiny text only as metadata,1,1,2,1,1,1.0,1.0,COPIE CDEC. 2/12
20191113_NP_CDEC-NP_503364-Synthèse-RETEX-portant-sur-participation-armée-de-terre-sécurisation-grands-événements-2.pdf,20191113_NP_CDEC-NP_503364-Synthèse-RETEX-portant-sur-participation-armée-de-terre-sécurisation-grands-événements-2.pdf,12,12,0,empty_text,likely_scanned_or_full_page_image,OCR page render; optionally extract full-page image,1,1,0,0,0,1.0,1.001,
2021_rapport_senat_r20-7111.pdf,2021_rapport_senat_r20-7111.pdf,2,65,0,empty_text,blank_or_structural_page,"render quick thumbnail; skip if visually blank, otherwise OCR render",0,0,0,0,0,0.0,0.0,
2021_rapport_senat_r20-7111.pdf,2021_rapport_senat_r20-7111.pdf,8,65,0,empty_text,blank_or_structural_page,"render quick thumbnail; skip if visually blank, otherwise OCR render",0,0,0,0,0,0.0,0.0,
2021_rapport_senat_r20-7111.pdf,2021_rapport_senat_r20-7111.pdf,14,65,6,too_few_text_chars,few_chars_plus_images,OCR page render; likely captions/page number extracted only,1,1,4,1,13,0.576,0.576,- 14 -
2021_rapport_senat_r20-7111.pdf,2021_rapport_senat_r20-7111.pdf,48,65,0,empty_text,blank_or_structural_page,"render quick thumbnail; skip if visually blank, otherwise OCR render",0,0,0,0,0,0.0,0.0,
2021_rapport_senat_r20-7111.pdf,2021_rapport_senat_r20-7111.pdf,60,65,0,empty_text,blank_or_structural_page,"render quick thumbnail; skip if visually blank, otherwise OCR render",0,0,0,0,0,0.0,0.0,
2021_rapport_senat_r20-7111.pdf,2021_rapport_senat_r20-7111.pdf,62,65,0,empty_text,blank_or_structural_page,"render quick thumbnail; skip if visually blank, otherwise OCR render",0,0,0,0,0,0.0,0.0,
20220405_ARM_SGA_DRHMD_FSS_0001D22005828_Pice-jointe_Glossaire_RH.pdf,20220405_ARM_SGA_DRHMD_FSS_0001D22005828_Pice-jointe_Glossaire_RH.pdf,29,39,2,too_few_text_chars,few_chars_plus_images,OCR page render; likely captions/page number extracted only,1,1,3,1,0,0.458,0.458,29
20221012_NP_EMAT_GRAT-2022.pdf,20221012_NP_EMAT_GRAT-2022.pdf,1,158,0,empty_text,likely_scanned_or_full_page_image,OCR page render; optionally extract full-page image,3,3,0,2,1,0.776,0.757,
20221012_NP_EMAT_GRAT-2022.pdf,20221012_NP_EMAT_GRAT-2022.pdf,2,158,0,empty_text,likely_scanned_or_full_page_image,OCR page render; optionally extract full-page image,1,1,0,0,1,1.0,1.0,
20221012_NP_EMAT_GRAT-2022.pdf,20221012_NP_EMAT_GRAT-2022.pdf,70,158,2,too_few_text_chars,few_chars_plus_images,OCR page render; likely captions/page number extracted only,1,1,1,1,50,0.676,0.676,24
20221012_NP_EMAT_GRAT-2022.pdf,20221012_NP_EMAT_GRAT-2022.pdf,72,158,2,too_few_text_chars,few_chars_plus_images,OCR page render; likely captions/page number extracted only,1,1,1,1,50,0.664,0.664,24
20221012_NP_EMAT_GRAT-2022.pdf,20221012_NP_EMAT_GRAT-2022.pdf,73,158,2,too_few_text_chars,few_chars_plus_images,OCR page render; likely captions/page number extracted only,2,2,1,2,50,1.0,0.699,24
20221012_NP_EMAT_GRAT-2022.pdf,20221012_NP_EMAT_GRAT-2022.pdf,74,158,2,too_few_text_chars,few_chars_plus_images,OCR page render; likely captions/page number extracted only,1,1,1,1,50,0.659,0.659,24
20221012_NP_EMAT_GRAT-2022.pdf,20221012_NP_EMAT_GRAT-2022.pdf,75,158,2,too_few_text_chars,few_chars_plus_images,OCR page render; likely captions/page number extracted only,1,1,1,1,50,0.651,0.651,24
20221012_NP_EMAT_GRAT-2022.pdf,20221012_NP_EMAT_GRAT-2022.pdf,148,158,15,too_few_text_chars,few_chars_text_only_or_separator,"inspect/render; often page number, blank, divider, or table artifact",0,0,2,0,4,0.0,0.0,LEXIQUE LEXIQUE
20230125_NP_DPID-DAME_Extrait-memento-ZICAD.pdf,20230125_NP_DPID-DAME_Extrait-memento-ZICAD.pdf,1,26,0,empty_text,likely_scanned_or_full_page_image,OCR page render; optionally extract full-page image,6,6,0,6,0,1.0,1.0,
20230125_NP_DPID-DAME_Extrait-memento-ZICAD.pdf,20230125_NP_DPID-DAME_Extrait-memento-ZICAD.pdf,2,26,0,empty_text,likely_scanned_or_full_page_image,OCR page render; optionally extract full-page image,3,3,0,3,0,1.0,1.0,
20230125_NP_DPID-DAME_Extrait-memento-ZICAD.pdf,20230125_NP_DPID-DAME_Extrait-memento-ZICAD.pdf,3,26,0,empty_text,likely_scanned_or_full_page_image,OCR page render; optionally extract full-page image,3,3,0,3,0,1.0,1.0,
20230125_NP_DPID-DAME_Extrait-memento-ZICAD.pdf,20230125_NP_DPID-DAME_Extrait-memento-ZICAD.pdf,4,26,0,empty_text,likely_scanned_or_full_page_image,OCR page render; optionally extract full-page image,3,3,0,3,0,1.0,1.0,
20230125_NP_DPID-DAME_Extrait-memento-ZICAD.pdf,20230125_NP_DPID-DAME_Extrait-memento-ZICAD.pdf,5,26,0,empty_text,likely_scanned_or_full_page_image,OCR page render; optionally extract full-page image,2,2,0,2,0,1.0,1.0,
20230125_NP_DPID-DAME_Extrait-memento-ZICAD.pdf,20230125_NP_DPID-DAME_Extrait-memento-ZICAD.pdf,6,26,0,empty_text,likely_scanned_or_full_page_image,OCR page render; optionally extract full-page image,2,2,0,2,0,1.0,1.0,
20230125_NP_DPID-DAME_Extrait-memento-ZICAD.pdf,20230125_NP_DPID-DAME_Extrait-memento-ZICAD.pdf,7,26,0,empty_text,likely_scanned_or_full_page_image,OCR page render; optionally extract full-page image,2,2,0,2,0,1.0,1.0,
20230125_NP_DPID-DAME_Extrait-memento-ZICAD.pdf,20230125_NP_DPID-DAME_Extrait-memento-ZICAD.pdf,8,26,0,empty_text,likely_scanned_or_full_page_image,OCR page render; optionally extract full-page image,4,4,0,4,0,1.0,1.0,
20230125_NP_DPID-DAME_Extrait-memento-ZICAD.pdf,20230125_NP_DPID-DAME_Extrait-memento-ZICAD.pdf,9,26,0,empty_text,likely_scanned_or_full_page_image,OCR page render; optionally extract full-page image,3,3,0,3,0,1.0,1.0,
20230125_NP_DPID-DAME_Extrait-memento-ZICAD.pdf,20230125_NP_DPID-DAME_Extrait-memento-ZICAD.pdf,10,26,0,empty_text,likely_scanned_or_full_page_image,OCR page render; optionally extract full-page image,3,3,0,3,0,1.0,1.0,
20230125_NP_DPID-DAME_Extrait-memento-ZICAD.pdf,20230125_NP_DPID-DAME_Extrait-memento-ZICAD.pdf,11,26,0,empty_text,likely_scanned_or_full_page_image,OCR page render; optionally extract full-page image,3,3,0,3,0,1.0,1.0,
20230125_NP_DPID-DAME_Extrait-memento-ZICAD.pdf,20230125_NP_DPID-DAME_Extrait-memento-ZICAD.pdf,12,26,0,empty_text,likely_scanned_or_full_page_image,OCR page render; optionally extract full-page image,3,3,0,3,0,1.0,1.0,
20230125_NP_DPID-DAME_Extrait-memento-ZICAD.pdf,20230125_NP_DPID-DAME_Extrait-memento-ZICAD.pdf,13,26,0,empty_text,likely_scanned_or_full_page_image,OCR page render; optionally extract full-page image,3,3,0,3,0,1.0,1.0,
20230125_NP_DPID-DAME_Extrait-memento-ZICAD.pdf,20230125_NP_DPID-DAME_Extrait-memento-ZICAD.pdf,14,26,0,empty_text,likely_scanned_or_full_page_image,OCR page render; optionally extract full-page image,3,3,0,3,0,1.0,1.0,
20230125_NP_DPID-DAME_Extrait-memento-ZICAD.pdf,20230125_NP_DPID-DAME_Extrait-memento-ZICAD.pdf,15,26,0,empty_text,likely_scanned_or_full_page_image,OCR page render; optionally extract full-page image,2,2,0,2,0,1.0,1.0,
20230125_NP_DPID-DAME_Extrait-memento-ZICAD.pdf,20230125_NP_DPID-DAME_Extrait-memento-ZICAD.pdf,16,26,0,empty_text,likely_scanned_or_full_page_image,OCR page render; optionally extract full-page image,3,3,0,3,0,1.0,1.0,
20230125_NP_DPID-DAME_Extrait-memento-ZICAD.pdf,20230125_NP_DPID-DAME_Extrait-memento-ZICAD.pdf,17,26,0,empty_text,likely_scanned_or_full_page_image,OCR page render; optionally extract full-page image,4,4,0,4,0,1.0,1.0,
20230125_NP_DPID-DAME_Extrait-memento-ZICAD.pdf,20230125_NP_DPID-DAME_Extrait-memento-ZICAD.pdf,18,26,0,empty_text,likely_scanned_or_full_page_image,OCR page render; optionally extract full-page image,2,2,0,2,0,1.0,1.0,
20230125_NP_DPID-DAME_Extrait-memento-ZICAD.pdf,20230125_NP_DPID-DAME_Extrait-memento-ZICAD.pdf,19,26,0,empty_text,likely_scanned_or_full_page_image,OCR page render; optionally extract full-page image,2,2,0,2,0,1.0,1.0,
20230125_NP_DPID-DAME_Extrait-memento-ZICAD.pdf,20230125_NP_DPID-DAME_Extrait-memento-ZICAD.pdf,20,26,0,empty_text,likely_scanned_or_full_page_image,OCR page render; optionally extract full-page image,2,2,0,2,0,1.0,1.0,
20230125_NP_DPID-DAME_Extrait-memento-ZICAD.pdf,20230125_NP_DPID-DAME_Extrait-memento-ZICAD.pdf,21,26,0,empty_text,likely_scanned_or_full_page_image,OCR page render; optionally extract full-page image,2,2,0,2,0,1.0,1.0,
20230125_NP_DPID-DAME_Extrait-memento-ZICAD.pdf,20230125_NP_DPID-DAME_Extrait-memento-ZICAD.pdf,22,26,0,empty_text,likely_scanned_or_full_page_image,OCR page render; optionally extract full-page image,2,2,0,2,0,1.0,1.0,
20230125_NP_DPID-DAME_Extrait-memento-ZICAD.pdf,20230125_NP_DPID-DAME_Extrait-memento-ZICAD.pdf,23,26,0,empty_text,likely_scanned_or_full_page_image,OCR page render; optionally extract full-page image,2,2,0,2,0,1.0,1.0,
20230125_NP_DPID-DAME_Extrait-memento-ZICAD.pdf,20230125_NP_DPID-DAME_Extrait-memento-ZICAD.pdf,24,26,0,empty_text,likely_scanned_or_full_page_image,OCR page render; optionally extract full-page image,2,2,0,2,0,1.0,1.0,
20230125_NP_DPID-DAME_Extrait-memento-ZICAD.pdf,20230125_NP_DPID-DAME_Extrait-memento-ZICAD.pdf,25,26,0,empty_text,likely_scanned_or_full_page_image,OCR page render; optionally extract full-page image,2,2,0,2,0,1.0,1.0,
20230125_NP_DPID-DAME_Extrait-memento-ZICAD.pdf,20230125_NP_DPID-DAME_Extrait-memento-ZICAD.pdf,26,26,0,empty_text,likely_scanned_or_full_page_image,OCR page render; optionally extract full-page image,10,10,0,10,0,1.0,1.0,
20230620_np_dpid_dm34.pdf,20230620_np_dpid_dm34.pdf,2,34,4,too_few_text_chars,few_chars_text_only_or_separator,"inspect/render; often page number, blank, divider, or table artifact",0,0,2,0,0,0.0,0.0,2/34
20230713_NP_DC-DIRISI-BAR_403964-PV-BILATERALE-TECHNIQUE-CICOS-DIRISI-09311385.pdf,20230713_NP_DC-DIRISI-BAR_403964-PV-BILATERALE-TECHNIQUE-CICOS-DIRISI-09311385.pdf,1,12,0,empty_text,likely_scanned_or_full_page_image,OCR page render; optionally extract full-page image,5,5,0,5,0,1.0,1.0,
20230713_NP_DC-DIRISI-BAR_403964-PV-BILATERALE-TECHNIQUE-CICOS-DIRISI-09311385.pdf,20230713_NP_DC-DIRISI-BAR_403964-PV-BILATERALE-TECHNIQUE-CICOS-DIRISI-09311385.pdf,2,12,0,empty_text,likely_scanned_or_full_page_image,OCR page render; optionally extract full-page image,2,2,0,2,0,1.0,1.0,
20230713_NP_DC-DIRISI-BAR_403964-PV-BILATERALE-TECHNIQUE-CICOS-DIRISI-09311385.pdf,20230713_NP_DC-DIRISI-BAR_403964-PV-BILATERALE-TECHNIQUE-CICOS-DIRISI-09311385.pdf,3,12,0,empty_text,likely_scanned_or_full_page_image,OCR page render; optionally extract full-page image,3,3,0,3,0,1.0,1.0,
20230713_NP_DC-DIRISI-BAR_403964-PV-BILATERALE-TECHNIQUE-CICOS-DIRISI-09311385.pdf,20230713_NP_DC-DIRISI-BAR_403964-PV-BILATERALE-TECHNIQUE-CICOS-DIRISI-09311385.pdf,4,12,0,empty_text,likely_scanned_or_full_page_image,OCR page render; optionally extract full-page image,2,2,0,2,0,1.0,1.0,
20230713_NP_DC-DIRISI-BAR_403964-PV-BILATERALE-TECHNIQUE-CICOS-DIRISI-09311385.pdf,20230713_NP_DC-DIRISI-BAR_403964-PV-BILATERALE-TECHNIQUE-CICOS-DIRISI-09311385.pdf,5,12,0,empty_text,likely_scanned_or_full_page_image,OCR page render; optionally extract full-page image,2,2,0,2,0,1.0,1.0,
20230713_NP_DC-DIRISI-BAR_403964-PV-BILATERALE-TECHNIQUE-CICOS-DIRISI-09311385.pdf,20230713_NP_DC-DIRISI-BAR_403964-PV-BILATERALE-TECHNIQUE-CICOS-DIRISI-09311385.pdf,6,12,0,empty_text,likely_scanned_or_full_page_image,OCR page render; optionally extract full-page image,2,2,0,2,0,1.0,1.0,
20230713_NP_DC-DIRISI-BAR_403964-PV-BILATERALE-TECHNIQUE-CICOS-DIRISI-09311385.pdf,20230713_NP_DC-DIRISI-BAR_403964-PV-BILATERALE-TECHNIQUE-CICOS-DIRISI-09311385.pdf,7,12,0,empty_text,likely_scanned_or_full_page_image,OCR page render; optionally extract full-page image,2,2,0,2,0,1.0,1.0,
20230713_NP_DC-DIRISI-BAR_403964-PV-BILATERALE-TECHNIQUE-CICOS-DIRISI-09311385.pdf,20230713_NP_DC-DIRISI-BAR_403964-PV-BILATERALE-TECHNIQUE-CICOS-DIRISI-09311385.pdf,8,12,0,empty_text,likely_scanned_or_full_page_image,OCR page render; optionally extract full-page image,3,3,0,3,0,1.0,1.0,
20230713_NP_DC-DIRISI-BAR_403964-PV-BILATERALE-TECHNIQUE-CICOS-DIRISI-09311385.pdf,20230713_NP_DC-DIRISI-BAR_403964-PV-BILATERALE-TECHNIQUE-CICOS-DIRISI-09311385.pdf,9,12,0,empty_text,likely_scanned_or_full_page_image,OCR page render; optionally extract full-page image,2,2,0,2,0,1.0,1.0,
20230713_NP_DC-DIRISI-BAR_403964-PV-BILATERALE-TECHNIQUE-CICOS-DIRISI-09311385.pdf,20230713_NP_DC-DIRISI-BAR_403964-PV-BILATERALE-TECHNIQUE-CICOS-DIRISI-09311385.pdf,10,12,0,empty_text,likely_scanned_or_full_page_image,OCR page render; optionally extract full-page image,2,2,0,2,0,1.0,1.0,
20230713_NP_DC-DIRISI-BAR_403964-PV-BILATERALE-TECHNIQUE-CICOS-DIRISI-09311385.pdf,20230713_NP_DC-DIRISI-BAR_403964-PV-BILATERALE-TECHNIQUE-CICOS-DIRISI-09311385.pdf,11,12,0,empty_text,likely_scanned_or_full_page_image,OCR page render; optionally extract full-page image,3,3,0,3,0,1.0,1.0,
20230713_NP_DC-DIRISI-BAR_403964-PV-BILATERALE-TECHNIQUE-CICOS-DIRISI-09311385.pdf,20230713_NP_DC-DIRISI-BAR_403964-PV-BILATERALE-TECHNIQUE-CICOS-DIRISI-09311385.pdf,12,12,0,empty_text,likely_scanned_or_full_page_image,OCR page render; optionally extract full-page image,2,2,0,2,0,1.0,1.0,
20231220_Vocabulaire militaire français-anglais.pdf,20231220_Vocabulaire militaire français-anglais.pdf,48,217,7,too_few_text_chars,few_chars_plus_images,OCR page render; likely captions/page number extracted only,1,1,4,1,0,0.327,0.327,Page 48
20231222_NP_DMCA Bilan de l'année 2023.pdf,20231222_NP_DMCA Bilan de l'année 2023.pdf,1,4,0,empty_text,likely_scanned_or_full_page_image,OCR page render; optionally extract full-page image,4,4,0,4,0,1.0,1.0,
20231222_NP_DMCA Bilan de l'année 2023.pdf,20231222_NP_DMCA Bilan de l'année 2023.pdf,2,4,0,empty_text,likely_scanned_or_full_page_image,OCR page render; optionally extract full-page image,2,2,0,2,0,1.0,1.0,
20231222_NP_DMCA Bilan de l'année 2023.pdf,20231222_NP_DMCA Bilan de l'année 2023.pdf,3,4,0,empty_text,likely_scanned_or_full_page_image,OCR page render; optionally extract full-page image,2,2,0,2,0,1.0,1.0,
20231222_NP_DMCA Bilan de l'année 2023.pdf,20231222_NP_DMCA Bilan de l'année 2023.pdf,4,4,0,empty_text,likely_scanned_or_full_page_image,OCR page render; optionally extract full-page image,4,4,0,4,0,1.0,1.0,
20250207_NP_SGDSN_VIGINUM_Rapport menace informationnelle IA_VF.pdf,20250207_NP_SGDSN_VIGINUM_Rapport menace informationnelle IA_VF.pdf,1,28,0,empty_text,likely_scanned_or_full_page_image,OCR page render; optionally extract full-page image,1,1,1,0,0,1.0,1.012,
20250507_TLP-CLEAR_NP_SGDSN_VIGINUM_Rapport technique_Storm-1516.pdf,20250507_TLP-CLEAR_NP_SGDSN_VIGINUM_Rapport technique_Storm-1516.pdf,1,41,9,too_few_text_chars,page_number_or_tiny_text_plus_full_page_image,OCR page render; keep existing tiny text only as metadata,1,1,3,0,1,1.0,1.031,TLP:CLEAR
20250612_TLP-CLEAR_VIGINUM_FCDO_EEAS_Rapport_Technique_African_Initiative_FR.pdf,20250612_TLP-CLEAR_VIGINUM_FCDO_EEAS_Rapport_Technique_African_Initiative_FR.pdf,1,51,0,empty_text,likely_scanned_or_full_page_image,OCR page render; optionally extract full-page image,1,1,2,0,0,1.0,1.009,
20250713_NP_SGDSN_Actualisation_2025_RNS_FR.pdf,20250713_NP_SGDSN_Actualisation_2025_RNS_FR.pdf,2,104,0,empty_text,blank_or_structural_page,"render quick thumbnail; skip if visually blank, otherwise OCR render",0,0,1,0,0,0.0,0.0,
20250713_NP_SGDSN_Actualisation_2025_RNS_FR.pdf,20250713_NP_SGDSN_Actualisation_2025_RNS_FR.pdf,5,104,0,empty_text,blank_or_structural_page,"render quick thumbnail; skip if visually blank, otherwise OCR render",0,0,3,0,0,0.0,0.0,
20250713_NP_SGDSN_Actualisation_2025_RNS_FR.pdf,20250713_NP_SGDSN_Actualisation_2025_RNS_FR.pdf,8,104,0,empty_text,blank_or_structural_page,"render quick thumbnail; skip if visually blank, otherwise OCR render",0,0,1,0,0,0.0,0.0,
20250713_NP_SGDSN_Actualisation_2025_RNS_FR.pdf,20250713_NP_SGDSN_Actualisation_2025_RNS_FR.pdf,9,104,14,too_few_text_chars,few_chars_plus_images,OCR page render; likely captions/page number extracted only,0,1,2,1,1,0.01,0.01,INTRODUCTION .
20250713_NP_SGDSN_Actualisation_2025_RNS_FR.pdf,20250713_NP_SGDSN_Actualisation_2025_RNS_FR.pdf,12,104,0,empty_text,blank_or_structural_page,"render quick thumbnail; skip if visually blank, otherwise OCR render",0,0,1,0,0,0.0,0.0,
20250713_NP_SGDSN_Actualisation_2025_RNS_FR.pdf,20250713_NP_SGDSN_Actualisation_2025_RNS_FR.pdf,36,104,0,empty_text,blank_or_structural_page,"render quick thumbnail; skip if visually blank, otherwise OCR render",0,0,1,0,0,0.0,0.0,
20250713_NP_SGDSN_Actualisation_2025_RNS_FR.pdf,20250713_NP_SGDSN_Actualisation_2025_RNS_FR.pdf,46,104,0,empty_text,blank_or_structural_page,"render quick thumbnail; skip if visually blank, otherwise OCR render",0,0,1,0,0,0.0,0.0,
20250713_NP_SGDSN_Actualisation_2025_RNS_FR.pdf,20250713_NP_SGDSN_Actualisation_2025_RNS_FR.pdf,58,104,0,empty_text,blank_or_structural_page,"render quick thumbnail; skip if visually blank, otherwise OCR render",0,0,2,0,0,0.0,0.0,
20250713_NP_SGDSN_Actualisation_2025_RNS_FR.pdf,20250713_NP_SGDSN_Actualisation_2025_RNS_FR.pdf,64,104,0,empty_text,blank_or_structural_page,"render quick thumbnail; skip if visually blank, otherwise OCR render",0,0,4,0,0,0.0,0.0,
20250713_NP_SGDSN_Actualisation_2025_RNS_FR.pdf,20250713_NP_SGDSN_Actualisation_2025_RNS_FR.pdf,72,104,0,empty_text,blank_or_structural_page,"render quick thumbnail; skip if visually blank, otherwise OCR render",0,0,1,0,0,0.0,0.0,
20250713_NP_SGDSN_Actualisation_2025_RNS_FR.pdf,20250713_NP_SGDSN_Actualisation_2025_RNS_FR.pdf,76,104,0,empty_text,blank_or_structural_page,"render quick thumbnail; skip if visually blank, otherwise OCR render",0,0,2,0,0,0.0,0.0,
20250713_NP_SGDSN_Actualisation_2025_RNS_FR.pdf,20250713_NP_SGDSN_Actualisation_2025_RNS_FR.pdf,86,104,0,empty_text,blank_or_structural_page,"render quick thumbnail; skip if visually blank, otherwise OCR render",0,0,1,0,0,0.0,0.0,
20250713_NP_SGDSN_Actualisation_2025_RNS_FR.pdf,20250713_NP_SGDSN_Actualisation_2025_RNS_FR.pdf,87,104,19,too_few_text_chars,few_chars_plus_images,OCR page render; likely captions/page number extracted only,0,1,2,1,1,0.126,0.126,3 VOIES   ET MOYENS
20250713_NP_SGDSN_Actualisation_2025_RNS_FR.pdf,20250713_NP_SGDSN_Actualisation_2025_RNS_FR.pdf,102,104,0,empty_text,blank_or_structural_page,"render quick thumbnail; skip if visually blank, otherwise OCR render",0,0,20,0,0,0.0,0.0,
20250713_NP_SGDSN_Actualisation_2025_RNS_FR.pdf,20250713_NP_SGDSN_Actualisation_2025_RNS_FR.pdf,103,104,0,empty_text,blank_or_structural_page,"render quick thumbnail; skip if visually blank, otherwise OCR render",0,0,4,0,0,0.0,0.0,
20260122_NP_TLP-CLEAR_SGDSN_VIGINUM_MOI.pdf,20260122_NP_TLP-CLEAR_SGDSN_VIGINUM_MOI.pdf,1,14,12,too_few_text_chars,page_number_or_tiny_text_plus_full_page_image,OCR page render; keep existing tiny text only as metadata,1,1,4,0,1,0.998,0.998,1  TLP:CLEAR
20260129_SNC-FR.pdf,20260129_SNC-FR.pdf,2,36,0,empty_text,blank_or_structural_page,"render quick thumbnail; skip if visually blank, otherwise OCR render",0,0,0,0,0,0.0,0.0,
20260129_SNC-FR.pdf,20260129_SNC-FR.pdf,4,36,0,empty_text,blank_or_structural_page,"render quick thumbnail; skip if visually blank, otherwise OCR render",0,0,2,0,0,0.0,0.0,
20260129_SNC-FR.pdf,20260129_SNC-FR.pdf,6,36,0,empty_text,blank_or_structural_page,"render quick thumbnail; skip if visually blank, otherwise OCR render",0,0,0,0,0,0.0,0.0,
20260129_SNC-FR.pdf,20260129_SNC-FR.pdf,12,36,0,empty_text,blank_or_structural_page,"render quick thumbnail; skip if visually blank, otherwise OCR render",0,0,2,0,0,0.0,0.0,
20260129_SNC-FR.pdf,20260129_SNC-FR.pdf,16,36,0,empty_text,blank_or_structural_page,"render quick thumbnail; skip if visually blank, otherwise OCR render",0,0,3,0,0,0.0,0.0,
20260129_SNC-FR.pdf,20260129_SNC-FR.pdf,20,36,0,empty_text,blank_or_structural_page,"render quick thumbnail; skip if visually blank, otherwise OCR render",0,0,2,0,0,0.0,0.0,
20260129_SNC-FR.pdf,20260129_SNC-FR.pdf,30,36,0,empty_text,blank_or_structural_page,"render quick thumbnail; skip if visually blank, otherwise OCR render",0,0,2,0,0,0.0,0.0,
20260129_SNC-FR.pdf,20260129_SNC-FR.pdf,33,36,0,empty_text,blank_or_structural_page,"render quick thumbnail; skip if visually blank, otherwise OCR render",0,0,3,0,0,0.0,0.0,
20260129_SNC-FR.pdf,20260129_SNC-FR.pdf,34,36,0,empty_text,blank_or_structural_page,"render quick thumbnail; skip if visually blank, otherwise OCR render",0,0,3,0,0,0.0,0.0,
20260129_SNC-FR.pdf,20260129_SNC-FR.pdf,35,36,0,empty_text,blank_or_structural_page,"render quick thumbnail; skip if visually blank, otherwise OCR render",0,0,3,0,0,0.0,0.0,
Af2i-Guide-Defense-2023-DIGITAL.pdf,Af2i-Guide-Defense-2023-DIGITAL.pdf,2,42,0,empty_text,blank_or_structural_page,"render quick thumbnail; skip if visually blank, otherwise OCR render",0,0,0,0,0,0.0,0.0,
Af2i-Guide-Defense-2023-DIGITAL.pdf,Af2i-Guide-Defense-2023-DIGITAL.pdf,40,42,0,empty_text,blank_or_structural_page,"render quick thumbnail; skip if visually blank, otherwise OCR render",0,0,0,0,0,0.0,0.0,
Af2i-Guide-Defense-2023-DIGITAL.pdf,Af2i-Guide-Defense-2023-DIGITAL.pdf,41,42,0,empty_text,blank_or_structural_page,"render quick thumbnail; skip if visually blank, otherwise OCR render",0,0,0,0,0,0.0,0.0,
Bilan activité SHD 2022.pdf,Bilan activité SHD 2022.pdf,26,55,6,too_few_text_chars,few_chars_plus_images,OCR page render; likely captions/page number extracted only,3,3,6,3,2,0.093,0.037,Pg. 24
Bilan activité SHD 2022.pdf,Bilan activité SHD 2022.pdf,52,55,6,too_few_text_chars,few_chars_plus_images,OCR page render; likely captions/page number extracted only,1,1,4,1,2,0.217,0.217,Pg. 50
CDSE_VIGINUM_Guide_sensibilisation_entreprises_FR_12-25.pdf,CDSE_VIGINUM_Guide_sensibilisation_entreprises_FR_12-25.pdf,1,28,0,empty_text,image_only_or_image_dominant_without_text_layer,OCR page render; extract embedded images if needed,77,89,0,89,256,0.074,0.022,
CDSE_VIGINUM_Guide_sensibilisation_entreprises_FR_12-25.pdf,CDSE_VIGINUM_Guide_sensibilisation_entreprises_FR_12-25.pdf,2,28,0,empty_text,image_only_or_image_dominant_without_text_layer,OCR page render; extract embedded images if needed,0,4,0,4,11,0.001,0.0,
CDSE_VIGINUM_Guide_sensibilisation_entreprises_FR_12-25.pdf,CDSE_VIGINUM_Guide_sensibilisation_entreprises_FR_12-25.pdf,3,28,0,empty_text,image_only_or_image_dominant_without_text_layer,OCR page render; extract embedded images if needed,0,4,0,4,207,0.002,0.001,
CDSE_VIGINUM_Guide_sensibilisation_entreprises_FR_12-25.pdf,CDSE_VIGINUM_Guide_sensibilisation_entreprises_FR_12-25.pdf,4,28,0,empty_text,image_only_or_image_dominant_without_text_layer,OCR page render; extract embedded images if needed,0,2,0,2,45,0.014,0.009,
CDSE_VIGINUM_Guide_sensibilisation_entreprises_FR_12-25.pdf,CDSE_VIGINUM_Guide_sensibilisation_entreprises_FR_12-25.pdf,5,28,0,empty_text,image_only_or_image_dominant_without_text_layer,OCR page render; extract embedded images if needed,0,2,0,2,44,0.013,0.009,
CDSE_VIGINUM_Guide_sensibilisation_entreprises_FR_12-25.pdf,CDSE_VIGINUM_Guide_sensibilisation_entreprises_FR_12-25.pdf,6,28,0,empty_text,image_only_or_image_dominant_without_text_layer,OCR page render; extract embedded images if needed,0,10,0,10,47,0.036,0.013,
CDSE_VIGINUM_Guide_sensibilisation_entreprises_FR_12-25.pdf,CDSE_VIGINUM_Guide_sensibilisation_entreprises_FR_12-25.pdf,7,28,0,empty_text,image_only_or_image_dominant_without_text_layer,OCR page render; extract embedded images if needed,0,3,0,3,60,0.017,0.008,
CDSE_VIGINUM_Guide_sensibilisation_entreprises_FR_12-25.pdf,CDSE_VIGINUM_Guide_sensibilisation_entreprises_FR_12-25.pdf,8,28,0,empty_text,image_only_or_image_dominant_without_text_layer,OCR page render; extract embedded images if needed,0,4,0,4,73,0.025,0.013,
CDSE_VIGINUM_Guide_sensibilisation_entreprises_FR_12-25.pdf,CDSE_VIGINUM_Guide_sensibilisation_entreprises_FR_12-25.pdf,9,28,0,empty_text,vector_form_or_drawn_content_no_text_layer,OCR rendered page; image extraction alone may miss vector text,0,0,0,0,65,0.0,0.0,
CDSE_VIGINUM_Guide_sensibilisation_entreprises_FR_12-25.pdf,CDSE_VIGINUM_Guide_sensibilisation_entreprises_FR_12-25.pdf,10,28,0,empty_text,image_only_or_image_dominant_without_text_layer,OCR page render; extract embedded images if needed,0,6,0,6,57,0.022,0.008,
CDSE_VIGINUM_Guide_sensibilisation_entreprises_FR_12-25.pdf,CDSE_VIGINUM_Guide_sensibilisation_entreprises_FR_12-25.pdf,11,28,0,empty_text,vector_form_or_drawn_content_no_text_layer,OCR rendered page; image extraction alone may miss vector text,0,0,0,0,48,0.0,0.0,
CDSE_VIGINUM_Guide_sensibilisation_entreprises_FR_12-25.pdf,CDSE_VIGINUM_Guide_sensibilisation_entreprises_FR_12-25.pdf,12,28,0,empty_text,image_only_or_image_dominant_without_text_layer,OCR page render; extract embedded images if needed,1,4,0,3,41,0.202,0.186,
CDSE_VIGINUM_Guide_sensibilisation_entreprises_FR_12-25.pdf,CDSE_VIGINUM_Guide_sensibilisation_entreprises_FR_12-25.pdf,13,28,0,empty_text,image_only_or_image_dominant_without_text_layer,OCR page render; extract embedded images if needed,1,1,0,0,45,0.236,0.236,
CDSE_VIGINUM_Guide_sensibilisation_entreprises_FR_12-25.pdf,CDSE_VIGINUM_Guide_sensibilisation_entreprises_FR_12-25.pdf,14,28,0,empty_text,image_only_or_image_dominant_without_text_layer,OCR page render; extract embedded images if needed,1,1,0,0,31,0.207,0.207,
CDSE_VIGINUM_Guide_sensibilisation_entreprises_FR_12-25.pdf,CDSE_VIGINUM_Guide_sensibilisation_entreprises_FR_12-25.pdf,15,28,0,empty_text,image_only_or_image_dominant_without_text_layer,OCR page render; extract embedded images if needed,1,1,0,0,33,0.239,0.239,
CDSE_VIGINUM_Guide_sensibilisation_entreprises_FR_12-25.pdf,CDSE_VIGINUM_Guide_sensibilisation_entreprises_FR_12-25.pdf,16,28,0,empty_text,image_only_or_image_dominant_without_text_layer,OCR page render; extract embedded images if needed,1,1,0,1,29,0.233,0.233,
CDSE_VIGINUM_Guide_sensibilisation_entreprises_FR_12-25.pdf,CDSE_VIGINUM_Guide_sensibilisation_entreprises_FR_12-25.pdf,17,28,0,empty_text,image_only_or_image_dominant_without_text_layer,OCR page render; extract embedded images if needed,0,2,0,2,45,0.009,0.009,
CDSE_VIGINUM_Guide_sensibilisation_entreprises_FR_12-25.pdf,CDSE_VIGINUM_Guide_sensibilisation_entreprises_FR_12-25.pdf,18,28,0,empty_text,vector_form_or_drawn_content_no_text_layer,OCR rendered page; image extraction alone may miss vector text,0,0,0,0,48,0.0,0.0,
CDSE_VIGINUM_Guide_sensibilisation_entreprises_FR_12-25.pdf,CDSE_VIGINUM_Guide_sensibilisation_entreprises_FR_12-25.pdf,19,28,0,empty_text,vector_form_or_drawn_content_no_text_layer,OCR rendered page; image extraction alone may miss vector text,0,0,0,0,52,0.0,0.0,
CDSE_VIGINUM_Guide_sensibilisation_entreprises_FR_12-25.pdf,CDSE_VIGINUM_Guide_sensibilisation_entreprises_FR_12-25.pdf,20,28,0,empty_text,image_only_or_image_dominant_without_text_layer,OCR page render; extract embedded images if needed,0,2,0,2,85,0.011,0.01,
CDSE_VIGINUM_Guide_sensibilisation_entreprises_FR_12-25.pdf,CDSE_VIGINUM_Guide_sensibilisation_entreprises_FR_12-25.pdf,21,28,0,empty_text,vector_form_or_drawn_content_no_text_layer,OCR rendered page; image extraction alone may miss vector text,0,0,0,0,60,0.0,0.0,
CDSE_VIGINUM_Guide_sensibilisation_entreprises_FR_12-25.pdf,CDSE_VIGINUM_Guide_sensibilisation_entreprises_FR_12-25.pdf,22,28,0,empty_text,image_only_or_image_dominant_without_text_layer,OCR page render; extract embedded images if needed,0,2,0,2,60,0.008,0.007,
CDSE_VIGINUM_Guide_sensibilisation_entreprises_FR_12-25.pdf,CDSE_VIGINUM_Guide_sensibilisation_entreprises_FR_12-25.pdf,23,28,0,empty_text,vector_form_or_drawn_content_no_text_layer,OCR rendered page; image extraction alone may miss vector text,0,0,0,0,51,0.0,0.0,
CDSE_VIGINUM_Guide_sensibilisation_entreprises_FR_12-25.pdf,CDSE_VIGINUM_Guide_sensibilisation_entreprises_FR_12-25.pdf,24,28,0,empty_text,vector_form_or_drawn_content_no_text_layer,OCR rendered page; image extraction alone may miss vector text,0,0,0,0,63,0.0,0.0,
CDSE_VIGINUM_Guide_sensibilisation_entreprises_FR_12-25.pdf,CDSE_VIGINUM_Guide_sensibilisation_entreprises_FR_12-25.pdf,25,28,0,empty_text,vector_form_or_drawn_content_no_text_layer,OCR rendered page; image extraction alone may miss vector text,0,0,0,0,9,0.0,0.0,
CDSE_VIGINUM_Guide_sensibilisation_entreprises_FR_12-25.pdf,CDSE_VIGINUM_Guide_sensibilisation_entreprises_FR_12-25.pdf,26,28,0,empty_text,vector_form_or_drawn_content_no_text_layer,OCR rendered page; image extraction alone may miss vector text,0,0,0,0,97,0.0,0.0,
CDSE_VIGINUM_Guide_sensibilisation_entreprises_FR_12-25.pdf,CDSE_VIGINUM_Guide_sensibilisation_entreprises_FR_12-25.pdf,27,28,0,empty_text,vector_form_or_drawn_content_no_text_layer,OCR rendered page; image extraction alone may miss vector text,0,0,0,0,84,0.0,0.0,
CDSE_VIGINUM_Guide_sensibilisation_entreprises_FR_12-25.pdf,CDSE_VIGINUM_Guide_sensibilisation_entreprises_FR_12-25.pdf,28,28,0,empty_text,image_only_or_image_dominant_without_text_layer,OCR page render; extract embedded images if needed,4,5,0,5,3,0.014,0.004,
COLSbleus_3126_PDFweb_PAGE.pdf,COLSbleus_3126_PDFweb_PAGE.pdf,8,68,17,too_few_text_chars,page_number_or_tiny_text_plus_full_page_image,OCR page render; keep existing tiny text only as metadata,2,2,1,0,1,1.0,1.007,© A. LEDAUPHIN/MN
COLSbleus_3126_PDFweb_PAGE.pdf,COLSbleus_3126_PDFweb_PAGE.pdf,22,68,17,too_few_text_chars,page_number_or_tiny_text_plus_full_page_image,OCR page render; keep existing tiny text only as metadata,1,1,1,0,0,1.0,1.006,© J. BELLENAND/MN
COLSbleus_3126_PDFweb_PAGE.pdf,COLSbleus_3126_PDFweb_PAGE.pdf,40,68,14,too_few_text_chars,page_number_or_tiny_text_plus_full_page_image,OCR page render; keep existing tiny text only as metadata,1,1,1,0,0,1.0,1.007,© R. MARTIN/MN
COLSbleus_3126_PDFweb_PAGE.pdf,COLSbleus_3126_PDFweb_PAGE.pdf,46,68,17,too_few_text_chars,page_number_or_tiny_text_plus_full_page_image,OCR page render; keep existing tiny text only as metadata,1,1,1,0,0,1.0,1.007,© J. BELLENAND/MN
COLSbleus_3126_PDFweb_PAGE.pdf,COLSbleus_3126_PDFweb_PAGE.pdf,68,68,0,empty_text,likely_scanned_or_full_page_image,OCR page render; optionally extract full-page image,3,3,0,2,23,1.0,0.92,
Calepin des entreprises international 2026 VA.pdf,Calepin des entreprises international 2026 VA.pdf,3,226,0,empty_text,blank_or_structural_page,"render quick thumbnail; skip if visually blank, otherwise OCR render",0,0,0,0,0,0.0,0.0,
Calepin des entreprises international 2026 VA.pdf,Calepin des entreprises international 2026 VA.pdf,5,226,0,empty_text,blank_or_structural_page,"render quick thumbnail; skip if visually blank, otherwise OCR render",0,0,0,0,0,0.0,0.0,
Calepin des entreprises international 2026 VA.pdf,Calepin des entreprises international 2026 VA.pdf,221,226,9,too_few_text_chars,few_chars_text_only_or_separator,"inspect/render; often page number, blank, divider, or table artifact",0,0,2,0,4,0.0,0.0,220 NOTES
Calepin des entreprises international 2026 VA.pdf,Calepin des entreprises international 2026 VA.pdf,222,226,9,too_few_text_chars,few_chars_text_only_or_separator,"inspect/render; often page number, blank, divider, or table artifact",0,0,2,0,4,0.0,0.0,221 NOTES
Calepin des entreprises international 2026 VA.pdf,Calepin des entreprises international 2026 VA.pdf,223,226,9,too_few_text_chars,few_chars_text_only_or_separator,"inspect/render; often page number, blank, divider, or table artifact",0,0,2,0,4,0.0,0.0,222 NOTES
Calepin des entreprises international 2026 VA.pdf,Calepin des entreprises international 2026 VA.pdf,224,226,9,too_few_text_chars,few_chars_text_only_or_separator,"inspect/render; often page number, blank, divider, or table artifact",0,0,2,0,4,0.0,0.0,223 NOTES
Calepin des entreprises international 2026 VF.pdf,Calepin des entreprises international 2026 VF.pdf,3,226,0,empty_text,blank_or_structural_page,"render quick thumbnail; skip if visually blank, otherwise OCR render",0,0,0,0,0,0.0,0.0,
Calepin des entreprises international 2026 VF.pdf,Calepin des entreprises international 2026 VF.pdf,221,226,9,too_few_text_chars,few_chars_text_only_or_separator,"inspect/render; often page number, blank, divider, or table artifact",0,0,2,0,4,0.0,0.0,220 NOTES
Calepin des entreprises international 2026 VF.pdf,Calepin des entreprises international 2026 VF.pdf,222,226,9,too_few_text_chars,few_chars_text_only_or_separator,"inspect/render; often page number, blank, divider, or table artifact",0,0,2,0,4,0.0,0.0,221 NOTES
Calepin des entreprises international 2026 VF.pdf,Calepin des entreprises international 2026 VF.pdf,223,226,9,too_few_text_chars,few_chars_text_only_or_separator,"inspect/render; often page number, blank, divider, or table artifact",0,0,2,0,4,0.0,0.0,222 NOTES
Calepin des entreprises international 2026 VF.pdf,Calepin des entreprises international 2026 VF.pdf,224,226,9,too_few_text_chars,few_chars_text_only_or_separator,"inspect/render; often page number, blank, divider, or table artifact",0,0,2,0,4,0.0,0.0,223 NOTES
Chiffres clés de la Défense - 2024 FR.pdf,Chiffres clés de la Défense - 2024 FR.pdf,2,34,1,too_few_text_chars,few_chars_text_only_or_separator,"inspect/render; often page number, blank, divider, or table artifact",0,0,1,0,1,0.0,0.0,2
Chiffres clés données 2022_TDM_v0_260224.pdf,Chiffres clés données 2022_TDM_v0_260224.pdf,1,14,0,empty_text,image_only_or_image_dominant_without_text_layer,OCR page render; extract embedded images if needed,5,5,0,5,9,0.254,0.085,
Chiffres clés données 2022_TDM_v0_260224.pdf,Chiffres clés données 2022_TDM_v0_260224.pdf,2,14,15,too_few_text_chars,few_chars_plus_images,OCR page render; likely captions/page number extracted only,3,3,8,3,20,0.081,0.029,       
Chiffres clés données 2022_TDM_v0_260224.pdf,Chiffres clés données 2022_TDM_v0_260224.pdf,3,14,0,empty_text,image_only_or_image_dominant_without_text_layer,OCR page render; extract embedded images if needed,5,5,0,5,19,0.088,0.029,
Chiffres clés données 2022_TDM_v0_260224.pdf,Chiffres clés données 2022_TDM_v0_260224.pdf,4,14,0,empty_text,image_only_or_image_dominant_without_text_layer,OCR page render; extract embedded images if needed,36,36,0,36,24,0.077,0.026,
Chiffres clés données 2022_TDM_v0_260224.pdf,Chiffres clés données 2022_TDM_v0_260224.pdf,5,14,0,empty_text,image_only_or_image_dominant_without_text_layer,OCR page render; extract embedded images if needed,4,4,0,4,16,0.109,0.052,
Chiffres clés données 2022_TDM_v0_260224.pdf,Chiffres clés données 2022_TDM_v0_260224.pdf,6,14,0,empty_text,image_only_or_image_dominant_without_text_layer,OCR page render; extract embedded images if needed,5,5,0,5,22,0.125,0.027,
Chiffres clés données 2022_TDM_v0_260224.pdf,Chiffres clés données 2022_TDM_v0_260224.pdf,7,14,1,too_few_text_chars,few_chars_plus_images,OCR page render; likely captions/page number extracted only,5,13,1,13,68,0.324,0.03,8
Chiffres clés données 2022_TDM_v0_260224.pdf,Chiffres clés données 2022_TDM_v0_260224.pdf,10,14,0,empty_text,image_only_or_image_dominant_without_text_layer,OCR page render; extract embedded images if needed,3,3,0,3,19,0.089,0.03,
Chiffres clés données 2022_TDM_v0_260224.pdf,Chiffres clés données 2022_TDM_v0_260224.pdf,11,14,0,empty_text,image_only_or_image_dominant_without_text_layer,OCR page render; extract embedded images if needed,3,3,0,3,77,0.077,0.026,
Chiffres clés données 2022_TDM_v0_260224.pdf,Chiffres clés données 2022_TDM_v0_260224.pdf,12,14,0,empty_text,image_only_or_image_dominant_without_text_layer,OCR page render; extract embedded images if needed,8,8,0,8,15,0.121,0.029,
Chiffres clés données 2022_TDM_v0_260224.pdf,Chiffres clés données 2022_TDM_v0_260224.pdf,13,14,0,empty_text,image_only_or_image_dominant_without_text_layer,OCR page render; extract embedded images if needed,3,3,0,3,48,0.08,0.029,
Communiqué_A_La DGA commande cinq avions de surveillance Albatros à Dassault Aviation.pdf,Communiqué_A_La DGA commande cinq avions de surveillance Albatros à Dassault Aviation.pdf,2,3,0,empty_text,image_only_or_image_dominant_without_text_layer,OCR page render; extract embedded images if needed,32,32,1,32,0,0.412,0.13,
Drones navales DENIS.pdf,Drones navales DENIS.pdf,2,107,1,too_few_text_chars,few_chars_text_only_or_separator,"inspect/render; often page number, blank, divider, or table artifact",0,0,2,0,0,0.0,0.0,2
Drones navales DENIS.pdf,Drones navales DENIS.pdf,3,107,1,too_few_text_chars,few_chars_text_only_or_separator,"inspect/render; often page number, blank, divider, or table artifact",0,0,1,0,0,0.0,0.0,3
Drones navales DENIS.pdf,Drones navales DENIS.pdf,6,107,1,too_few_text_chars,few_chars_text_only_or_separator,"inspect/render; often page number, blank, divider, or table artifact",0,0,2,0,0,0.0,0.0,6
Drones navales DENIS.pdf,Drones navales DENIS.pdf,12,107,2,too_few_text_chars,few_chars_text_only_or_separator,"inspect/render; often page number, blank, divider, or table artifact",0,0,2,0,0,0.0,0.0,12
Drones navales DENIS.pdf,Drones navales DENIS.pdf,86,107,2,too_few_text_chars,few_chars_text_only_or_separator,"inspect/render; often page number, blank, divider, or table artifact",0,0,2,0,0,0.0,0.0,86
"EPS 2022-01 - Essaims de drones aériens, menaces et opportunités.pdf","EPS 2022-01 - Essaims de drones aériens, menaces et opportunités.pdf",1,136,1,too_few_text_chars,few_chars_plus_images,OCR page render; likely captions/page number extracted only,5,5,3,3,0,1.0,0.392,1
"EPS 2022-01 - Essaims de drones aériens, menaces et opportunités.pdf","EPS 2022-01 - Essaims de drones aériens, menaces et opportunités.pdf",89,136,2,too_few_text_chars,few_chars_text_only_or_separator,"inspect/render; often page number, blank, divider, or table artifact",0,0,2,0,0,0.0,0.0,89
EtudePECAPEC_VFinale.pdf,EtudePECAPEC_VFinale.pdf,16,75,2,too_few_text_chars,page_number_or_tiny_text_plus_full_page_image,OCR page render; keep existing tiny text only as metadata,2,2,1,1,0,0.95,0.763,16
EtudePECAPEC_VFinale.pdf,EtudePECAPEC_VFinale.pdf,71,75,8,too_few_text_chars,few_chars_plus_images,OCR page render; likely captions/page number extracted only,1,1,2,0,24,0.187,0.187,71 NOTES
EtudePECAPEC_VFinale.pdf,EtudePECAPEC_VFinale.pdf,72,75,2,too_few_text_chars,few_chars_plus_images,OCR page render; likely captions/page number extracted only,1,1,1,0,25,0.187,0.187,72
EtudePECAPEC_VFinale.pdf,EtudePECAPEC_VFinale.pdf,73,75,8,too_few_text_chars,few_chars_plus_images,OCR page render; likely captions/page number extracted only,1,1,2,0,24,0.187,0.187,73 NOTES
EtudePECAPEC_VFinale.pdf,EtudePECAPEC_VFinale.pdf,74,75,8,too_few_text_chars,few_chars_plus_images,OCR page render; likely captions/page number extracted only,1,1,2,0,24,0.187,0.187,74 NOTES
Feuille de route stratégique OSIIC 2024-2027 NP v1.0.pdf,Feuille de route stratégique OSIIC 2024-2027 NP v1.0.pdf,1,10,0,empty_text,image_only_or_image_dominant_without_text_layer,OCR page render; extract embedded images if needed,2,2,0,2,32,0.228,0.214,
Feuille de route stratégique OSIIC 2024-2027 NP v1.0.pdf,Feuille de route stratégique OSIIC 2024-2027 NP v1.0.pdf,3,10,0,empty_text,image_only_or_image_dominant_without_text_layer,OCR page render; extract embedded images if needed,1,3,0,2,73,0.126,0.075,
Feuille de route stratégique OSIIC 2024-2027 NP v1.0.pdf,Feuille de route stratégique OSIIC 2024-2027 NP v1.0.pdf,4,10,0,empty_text,vector_form_or_drawn_content_no_text_layer,OCR rendered page; image extraction alone may miss vector text,0,0,0,0,19,0.0,0.0,
Fiche technique A330.pdf,Fiche technique A330.pdf,2,16,12,too_few_text_chars,page_number_or_tiny_text_plus_full_page_image,OCR page render; keep existing tiny text only as metadata,1,1,1,0,3,0.852,0.852,INTRODUCTION
Fiche technique A330.pdf,Fiche technique A330.pdf,5,16,4,too_few_text_chars,page_number_or_tiny_text_plus_full_page_image,OCR page render; keep existing tiny text only as metadata,1,1,1,0,2,0.849,0.849,IQUE
Fiche technique A400M.pdf,Fiche technique A400M.pdf,3,16,10,too_few_text_chars,page_number_or_tiny_text_plus_full_page_image,OCR page render; keep existing tiny text only as metadata,1,1,2,0,4,0.851,0.851,3 NÉRATION
Fiche technique A400M.pdf,Fiche technique A400M.pdf,5,16,1,too_few_text_chars,few_chars_plus_images,OCR page render; likely captions/page number extracted only,4,4,1,4,4,0.559,0.349,5
Fiche technique A400M.pdf,Fiche technique A400M.pdf,7,16,10,too_few_text_chars,page_number_or_tiny_text_plus_full_page_image,OCR page render; keep existing tiny text only as metadata,1,1,2,0,5,0.765,0.765,7  SSANTES
Fiche technique A400M.pdf,Fiche technique A400M.pdf,12,16,2,too_few_text_chars,page_number_or_tiny_text_plus_full_page_image,OCR page render; keep existing tiny text only as metadata,1,1,1,0,4,1.0,1.009,12
Fiche technique Reaper.pdf,Fiche technique Reaper.pdf,5,24,1,too_few_text_chars,page_number_or_tiny_text_plus_full_page_image,OCR page render; keep existing tiny text only as metadata,1,1,1,0,4,0.85,0.85,5
Fiche technique Reaper.pdf,Fiche technique Reaper.pdf,9,24,1,too_few_text_chars,page_number_or_tiny_text_plus_full_page_image,OCR page render; keep existing tiny text only as metadata,1,1,1,0,4,0.765,0.765,9
Fiche technique Reaper.pdf,Fiche technique Reaper.pdf,13,24,2,too_few_text_chars,page_number_or_tiny_text_plus_full_page_image,OCR page render; keep existing tiny text only as metadata,1,1,1,0,5,0.764,0.764,13
Fiche technique Reaper.pdf,Fiche technique Reaper.pdf,19,24,2,too_few_text_chars,page_number_or_tiny_text_plus_full_page_image,OCR page render; keep existing tiny text only as metadata,1,1,1,0,4,1.0,1.006,19
Fiche technique Reaper.pdf,Fiche technique Reaper.pdf,23,24,2,too_few_text_chars,page_number_or_tiny_text_plus_full_page_image,OCR page render; keep existing tiny text only as metadata,1,1,1,0,4,0.722,0.722,23
Guide_Securite_PEC_022024.pdf,Guide_Securite_PEC_022024.pdf,2,108,0,empty_text,image_only_or_image_dominant_without_text_layer,OCR page render; extract embedded images if needed,1,1,0,0,0,0.183,0.183,
LMI_PEC_2023.pdf,LMI_PEC_2023.pdf,51,68,5,too_few_text_chars,page_number_or_tiny_text_plus_full_page_image,OCR page render; keep existing tiny text only as metadata,1,1,2,0,5,1.0,1.006,51 51
LMI_PEC_2023.pdf,LMI_PEC_2023.pdf,59,68,5,too_few_text_chars,page_number_or_tiny_text_plus_full_page_image,OCR page render; keep existing tiny text only as metadata,1,1,2,0,5,1.0,1.007,59 59
LMI_PEC_2023.pdf,LMI_PEC_2023.pdf,63,68,2,too_few_text_chars,few_chars_text_only_or_separator,"inspect/render; often page number, blank, divider, or table artifact",0,0,1,0,2,0.0,0.0,63
LMI_PEC_2023.pdf,LMI_PEC_2023.pdf,65,68,5,too_few_text_chars,page_number_or_tiny_text_plus_full_page_image,OCR page render; keep existing tiny text only as metadata,1,1,2,0,5,1.0,1.007,65 65
LMI_Tome2_PEC2024.pdf,LMI_Tome2_PEC2024.pdf,13,88,2,too_few_text_chars,few_chars_plus_images,OCR page render; likely captions/page number extracted only,2,2,1,2,3,0.605,0.389,13
LMI_Tome2_PEC2024.pdf,LMI_Tome2_PEC2024.pdf,63,88,5,too_few_text_chars,page_number_or_tiny_text_plus_full_page_image,OCR page render; keep existing tiny text only as metadata,1,1,2,0,5,1.0,1.009,63 63
LMI_Tome2_PEC2024.pdf,LMI_Tome2_PEC2024.pdf,73,88,5,too_few_text_chars,page_number_or_tiny_text_plus_full_page_image,OCR page render; keep existing tiny text only as metadata,1,1,2,0,5,1.0,1.008,73 73
LSAe_38_V6_FINAL_FINAL_REDUIT.pdf,LSAe_38_V6_FINAL_FINAL_REDUIT.pdf,2,12,0,empty_text,blank_or_structural_page,"render quick thumbnail; skip if visually blank, otherwise OCR render",0,0,0,0,0,0.0,0.0,
LSAe_38_V6_FINAL_FINAL_REDUIT.pdf,LSAe_38_V6_FINAL_FINAL_REDUIT.pdf,11,12,0,empty_text,image_only_or_image_dominant_without_text_layer,OCR page render; extract embedded images if needed,16,16,0,3,0,1.0,0.106,
Maquette-IA-DEFENSE_2025_VDEF_WEB.pdf,Maquette-IA-DEFENSE_2025_VDEF_WEB.pdf,9,84,1,too_few_text_chars,page_number_or_tiny_text_plus_full_page_image,OCR page render; keep existing tiny text only as metadata,1,1,2,0,6,1.0,1.007,9
Maquette-IA-DEFENSE_2025_VDEF_WEB.pdf,Maquette-IA-DEFENSE_2025_VDEF_WEB.pdf,23,84,5,too_few_text_chars,page_number_or_tiny_text_plus_full_page_image,OCR page render; keep existing tiny text only as metadata,1,1,2,0,6,1.0,1.007,23 23
Maquette-IA-DEFENSE_2025_VDEF_WEB.pdf,Maquette-IA-DEFENSE_2025_VDEF_WEB.pdf,39,84,5,too_few_text_chars,page_number_or_tiny_text_plus_full_page_image,OCR page render; keep existing tiny text only as metadata,1,1,2,0,6,1.0,1.008,39 39
Maquette-IA-DEFENSE_2025_VDEF_WEB.pdf,Maquette-IA-DEFENSE_2025_VDEF_WEB.pdf,61,84,5,too_few_text_chars,page_number_or_tiny_text_plus_full_page_image,OCR page render; keep existing tiny text only as metadata,1,1,2,0,6,1.0,1.008,61 61
Maquette-IA-DEFENSE_2025_VDEF_WEB.pdf,Maquette-IA-DEFENSE_2025_VDEF_WEB.pdf,71,84,2,too_few_text_chars,page_number_or_tiny_text_plus_full_page_image,OCR page render; keep existing tiny text only as metadata,1,1,1,0,4,1.0,1.006,71
Maquette-IA-DEFENSE_2025_VDEF_WEB.pdf,Maquette-IA-DEFENSE_2025_VDEF_WEB.pdf,75,84,5,too_few_text_chars,page_number_or_tiny_text_plus_full_page_image,OCR page render; keep existing tiny text only as metadata,1,1,2,0,6,1.0,1.008,75 75
Maquette-IA-DEFENSE_2025_VDEF_WEB.pdf,Maquette-IA-DEFENSE_2025_VDEF_WEB.pdf,83,84,2,too_few_text_chars,few_chars_text_only_or_separator,"inspect/render; often page number, blank, divider, or table artifact",0,0,1,0,51,0.0,0.0,83
NP_rapport_parlementaire_drone.pdf,NP_rapport_parlementaire_drone.pdf,2,99,0,empty_text,blank_or_structural_page,"render quick thumbnail; skip if visually blank, otherwise OCR render",0,0,2,0,0,0.0,0.0,
NP_rapport_parlementaire_drone.pdf,NP_rapport_parlementaire_drone.pdf,6,99,0,empty_text,blank_or_structural_page,"render quick thumbnail; skip if visually blank, otherwise OCR render",0,0,0,0,0,0.0,0.0,
NP_rapport_parlementaire_drone.pdf,NP_rapport_parlementaire_drone.pdf,34,99,0,empty_text,blank_or_structural_page,"render quick thumbnail; skip if visually blank, otherwise OCR render",0,0,0,0,0,0.0,0.0,
NP_rapport_parlementaire_drone.pdf,NP_rapport_parlementaire_drone.pdf,70,99,0,empty_text,blank_or_structural_page,"render quick thumbnail; skip if visually blank, otherwise OCR render",0,0,0,0,0,0.0,0.0,
NP_rapport_parlementaire_drone.pdf,NP_rapport_parlementaire_drone.pdf,82,99,0,empty_text,blank_or_structural_page,"render quick thumbnail; skip if visually blank, otherwise OCR render",0,0,0,0,0,0.0,0.0,
NP_rapport_parlementaire_drone.pdf,NP_rapport_parlementaire_drone.pdf,92,99,0,empty_text,blank_or_structural_page,"render quick thumbnail; skip if visually blank, otherwise OCR render",0,0,0,0,0,0.0,0.0,
NP_rapport_parlementaire_drone.pdf,NP_rapport_parlementaire_drone.pdf,96,99,0,empty_text,blank_or_structural_page,"render quick thumbnail; skip if visually blank, otherwise OCR render",0,0,0,0,0,0.0,0.0,
Note_Cout RH de la dronisation_juin 2025.pdf,Note_Cout RH de la dronisation_juin 2025.pdf,4,37,0,empty_text,blank_or_structural_page,"render quick thumbnail; skip if visually blank, otherwise OCR render",0,0,0,0,0,0.0,0.0,
ObsDrones - Bulletin de veille n1 - Janvier Février 2024.pdf,ObsDrones - Bulletin de veille n1 - Janvier Février 2024.pdf,16,16,0,empty_text,likely_scanned_or_full_page_image,OCR page render; optionally extract full-page image,3,3,0,2,3,1.0,0.969,
ObsDrones - Bulletin de veille n2 - Mars Avril 2024.pdf,ObsDrones - Bulletin de veille n2 - Mars Avril 2024.pdf,16,16,0,empty_text,likely_scanned_or_full_page_image,OCR page render; optionally extract full-page image,3,3,0,2,3,0.837,0.798,
ObsDrones - Bulletin de veille n3 - Mai Juin 2024.pdf,ObsDrones - Bulletin de veille n3 - Mai Juin 2024.pdf,16,16,2,too_few_text_chars,page_number_or_tiny_text_plus_full_page_image,OCR page render; keep existing tiny text only as metadata,3,3,1,2,8,0.862,0.824,16
ObsDrones - Bulletin de veille n6 - novembre-décembre 2024.pdf,ObsDrones - Bulletin de veille n6 - novembre-décembre 2024.pdf,17,17,2,too_few_text_chars,page_number_or_tiny_text_plus_full_page_image,OCR page render; keep existing tiny text only as metadata,4,4,1,2,8,1.0,0.824,17
ObsDrones - bulletin de veille n4 - Juillet Aout 2024.pdf,ObsDrones - bulletin de veille n4 - Juillet Aout 2024.pdf,16,16,0,empty_text,likely_scanned_or_full_page_image,OCR page render; optionally extract full-page image,3,3,0,2,4,0.837,0.799,
Obsdrones - Bulletin-de-veille-n05-septembre-octobre.pdf,Obsdrones - Bulletin-de-veille-n05-septembre-octobre.pdf,16,16,2,too_few_text_chars,page_number_or_tiny_text_plus_full_page_image,OCR page render; keep existing tiny text only as metadata,3,3,1,2,3,0.873,0.835,16
PEC_LIVRE-BLANC-INNOVATION_2025.pdf,PEC_LIVRE-BLANC-INNOVATION_2025.pdf,9,68,1,too_few_text_chars,page_number_or_tiny_text_plus_full_page_image,OCR page render; keep existing tiny text only as metadata,5,5,3,3,4,1.0,1.007,9
PEC_LIVRE-BLANC-INNOVATION_2025.pdf,PEC_LIVRE-BLANC-INNOVATION_2025.pdf,19,68,8,too_few_text_chars,page_number_or_tiny_text_plus_full_page_image,OCR page render; keep existing tiny text only as metadata,5,5,3,3,4,1.0,1.005,19 19 19
PEC_LIVRE-BLANC-INNOVATION_2025.pdf,PEC_LIVRE-BLANC-INNOVATION_2025.pdf,33,68,8,too_few_text_chars,page_number_or_tiny_text_plus_full_page_image,OCR page render; keep existing tiny text only as metadata,5,5,3,3,4,1.0,1.006,33 33 33
PEC_LIVRE-BLANC-INNOVATION_2025.pdf,PEC_LIVRE-BLANC-INNOVATION_2025.pdf,45,68,8,too_few_text_chars,page_number_or_tiny_text_plus_full_page_image,OCR page render; keep existing tiny text only as metadata,5,5,3,3,4,1.0,1.005,45 45 45
PEC_LIVRE-BLANC-INNOVATION_2025.pdf,PEC_LIVRE-BLANC-INNOVATION_2025.pdf,67,68,2,too_few_text_chars,few_chars_text_only_or_separator,"inspect/render; often page number, blank, divider, or table artifact",0,0,1,0,51,0.0,0.0,67
Quel-chemin-pour-conquerir-notre-Autonomie-Strategique-Numerique-1-1.pdf,Quel-chemin-pour-conquerir-notre-Autonomie-Strategique-Numerique-1-1.pdf,7,8,1,too_few_text_chars,few_chars_text_only_or_separator,"inspect/render; often page number, blank, divider, or table artifact",0,0,1,0,3,0.0,0.0,7
RA_PEC_2024.pdf,RA_PEC_2024.pdf,25,32,2,too_few_text_chars,few_chars_plus_images,OCR page render; likely captions/page number extracted only,6,6,1,6,8,0.668,0.237,25
RNCE_19_Juillet_2023.pdf,RNCE_19_Juillet_2023.pdf,1,275,0,empty_text,image_only_or_image_dominant_without_text_layer,OCR page render; extract embedded images if needed,3,3,1,0,0,0.998,0.333,
RNCE_19_Juillet_2023.pdf,RNCE_19_Juillet_2023.pdf,8,275,12,too_few_text_chars,few_chars_plus_images,OCR page render; likely captions/page number extracted only,9,9,4,8,2,1.0,0.111,INTRODUCTION
RNCE_19_Juillet_2023.pdf,RNCE_19_Juillet_2023.pdf,266,275,9,too_few_text_chars,few_chars_plus_images,OCR page render; likely captions/page number extracted only,9,9,5,8,2,1.0,0.111,GLOSSAIRE
RNCE_19_Juillet_2023.pdf,RNCE_19_Juillet_2023.pdf,275,275,0,empty_text,image_only_or_image_dominant_without_text_layer,OCR page render; extract embedded images if needed,4,4,2,0,0,0.999,0.25,
RRCBE_v6_01012023_version_enrichie.pdf,RRCBE_v6_01012023_version_enrichie.pdf,2,224,0,empty_text,blank_or_structural_page,"render quick thumbnail; skip if visually blank, otherwise OCR render",0,0,2,0,0,0.0,0.0,
RRCBE_v6_01012023_version_enrichie.pdf,RRCBE_v6_01012023_version_enrichie.pdf,128,224,1,too_few_text_chars,few_chars_text_only_or_separator,"inspect/render; often page number, blank, divider, or table artifact",0,0,4,0,0,0.0,0.0,1
RRCBE_v6_01012023_version_enrichie.pdf,RRCBE_v6_01012023_version_enrichie.pdf,160,224,3,too_few_text_chars,few_chars_text_only_or_separator,"inspect/render; often page number, blank, divider, or table artifact",0,0,23,0,1,0.0,0.0,160
RRCBE_v6_01012023_version_enrichie.pdf,RRCBE_v6_01012023_version_enrichie.pdf,223,224,0,empty_text,blank_or_structural_page,"render quick thumbnail; skip if visually blank, otherwise OCR render",0,0,2,0,0,0.0,0.0,
RRCBE_v6_01012023_version_enrichie.pdf,RRCBE_v6_01012023_version_enrichie.pdf,224,224,0,empty_text,blank_or_structural_page,"render quick thumbnail; skip if visually blank, otherwise OCR render",0,0,23,0,0,0.0,0.0,
Rapport n°1_Conséquences et enseignements de la guerre en Ukraine pour la politique de défense américaine.pdf,Rapport n°1_Conséquences et enseignements de la guerre en Ukraine pour la politique de défense américaine.pdf,6,85,0,empty_text,blank_or_structural_page,"render quick thumbnail; skip if visually blank, otherwise OCR render",0,0,0,0,0,0.0,0.0,
Rapport n°1_Conséquences et enseignements de la guerre en Ukraine pour la politique de défense américaine.pdf,Rapport n°1_Conséquences et enseignements de la guerre en Ukraine pour la politique de défense américaine.pdf,10,85,0,empty_text,blank_or_structural_page,"render quick thumbnail; skip if visually blank, otherwise OCR render",0,0,0,0,0,0.0,0.0,
Stratégie nationale de lutte contre les manipulations de l'information_FR.pdf,Stratégie nationale de lutte contre les manipulations de l'information_FR.pdf,2,66,0,empty_text,blank_or_structural_page,"render quick thumbnail; skip if visually blank, otherwise OCR render",0,0,1,0,0,0.0,0.0,
Stratégie nationale de lutte contre les manipulations de l'information_FR.pdf,Stratégie nationale de lutte contre les manipulations de l'information_FR.pdf,7,66,0,empty_text,vector_form_or_drawn_content_no_text_layer,OCR rendered page; image extraction alone may miss vector text,0,0,2,0,6,0.0,0.0,
Stratégie nationale de lutte contre les manipulations de l'information_FR.pdf,Stratégie nationale de lutte contre les manipulations de l'information_FR.pdf,10,66,0,empty_text,blank_or_structural_page,"render quick thumbnail; skip if visually blank, otherwise OCR render",0,0,1,0,0,0.0,0.0,
Stratégie nationale de lutte contre les manipulations de l'information_FR.pdf,Stratégie nationale de lutte contre les manipulations de l'information_FR.pdf,11,66,0,empty_text,vector_form_or_drawn_content_no_text_layer,OCR rendered page; image extraction alone may miss vector text,0,0,1,0,3,0.0,0.0,
Stratégie nationale de lutte contre les manipulations de l'information_FR.pdf,Stratégie nationale de lutte contre les manipulations de l'information_FR.pdf,38,66,0,empty_text,blank_or_structural_page,"render quick thumbnail; skip if visually blank, otherwise OCR render",0,0,2,0,0,0.0,0.0,
Stratégie nationale de lutte contre les manipulations de l'information_FR.pdf,Stratégie nationale de lutte contre les manipulations de l'information_FR.pdf,65,66,0,empty_text,blank_or_structural_page,"render quick thumbnail; skip if visually blank, otherwise OCR render",0,0,0,0,0,0.0,0.0,
VIGINUM_rapport_activité_24_vd.pdf,VIGINUM_rapport_activité_24_vd.pdf,4,32,0,empty_text,blank_or_structural_page,"render quick thumbnail; skip if visually blank, otherwise OCR render",0,0,0,0,0,0.0,0.0,
VIGINUM_rapport_activité_24_vd.pdf,VIGINUM_rapport_activité_24_vd.pdf,31,32,0,empty_text,blank_or_structural_page,"render quick thumbnail; skip if visually blank, otherwise OCR render",0,0,0,0,0,0.0,0.0,
VIGINUM_rapport_activité_24_vd.pdf,VIGINUM_rapport_activité_24_vd.pdf,32,32,0,empty_text,likely_scanned_or_full_page_image,OCR page render; optionally extract full-page image,1,1,0,0,0,0.855,0.855,
bem-48.pdf,bem-48.pdf,1,88,0,empty_text,likely_scanned_or_full_page_image,OCR page render; optionally extract full-page image,1,1,0,0,2,1.0,1.065,
bem-48.pdf,bem-48.pdf,3,88,0,empty_text,vector_form_or_drawn_content_no_text_layer,OCR rendered page; image extraction alone may miss vector text,0,0,0,0,1,0.0,0.0,
bem-48.pdf,bem-48.pdf,5,88,0,empty_text,likely_scanned_or_full_page_image,OCR page render; optionally extract full-page image,1,1,0,0,2,1.0,1.061,
bem-48.pdf,bem-48.pdf,21,88,0,empty_text,likely_scanned_or_full_page_image,OCR page render; optionally extract full-page image,1,1,0,0,2,1.0,1.06,
bem-48.pdf,bem-48.pdf,29,88,0,empty_text,likely_scanned_or_full_page_image,OCR page render; optionally extract full-page image,1,1,0,0,2,1.0,1.0,
bem-48.pdf,bem-48.pdf,43,88,0,empty_text,likely_scanned_or_full_page_image,OCR page render; optionally extract full-page image,1,1,0,0,2,0.989,0.989,
bem-48.pdf,bem-48.pdf,65,88,0,empty_text,likely_scanned_or_full_page_image,OCR page render; optionally extract full-page image,1,1,0,0,2,0.923,0.923,
bem-48.pdf,bem-48.pdf,73,88,0,empty_text,likely_scanned_or_full_page_image,OCR page render; optionally extract full-page image,1,1,0,0,2,1.0,1.05,
bem-48.pdf,bem-48.pdf,79,88,0,empty_text,likely_scanned_or_full_page_image,OCR page render; optionally extract full-page image,1,1,0,0,2,0.979,0.979,
bem-48.pdf,bem-48.pdf,88,88,0,empty_text,likely_scanned_or_full_page_image,OCR page render; optionally extract full-page image,1,1,0,0,2,0.969,0.969,
caia-125-bd-ok.pdf,caia-125-bd-ok.pdf,103,104,0,empty_text,likely_scanned_or_full_page_image,OCR page render; optionally extract full-page image,65,65,0,54,90,1.0,1.092,
"l'EPS 2021-08 M2MC enjeux, opportunités et risques à l'horizon 2035-2040.pdf","l'EPS 2021-08 M2MC enjeux, opportunités et risques à l'horizon 2035-2040.pdf",16,139,0,empty_text,blank_or_structural_page,"render quick thumbnail; skip if visually blank, otherwise OCR render",0,0,0,0,0,0.0,0.0,
"l'EPS 2021-08 M2MC enjeux, opportunités et risques à l'horizon 2035-2040.pdf","l'EPS 2021-08 M2MC enjeux, opportunités et risques à l'horizon 2035-2040.pdf",28,139,0,empty_text,blank_or_structural_page,"render quick thumbnail; skip if visually blank, otherwise OCR render",0,0,0,0,0,0.0,0.0,
"l'EPS 2021-08 M2MC enjeux, opportunités et risques à l'horizon 2035-2040.pdf","l'EPS 2021-08 M2MC enjeux, opportunités et risques à l'horizon 2035-2040.pdf",56,139,0,empty_text,blank_or_structural_page,"render quick thumbnail; skip if visually blank, otherwise OCR render",0,0,0,0,0,0.0,0.0,
l15b4320_rapport-information.pdf,l15b4320_rapport-information.pdf,12,117,0,empty_text,blank_or_structural_page,"render quick thumbnail; skip if visually blank, otherwise OCR render",0,0,0,0,0,0.0,0.0,
l15b4320_rapport-information.pdf,l15b4320_rapport-information.pdf,48,117,0,empty_text,blank_or_structural_page,"render quick thumbnail; skip if visually blank, otherwise OCR render",0,0,0,0,0,0.0,0.0,
l15b4320_rapport-information.pdf,l15b4320_rapport-information.pdf,84,117,0,empty_text,blank_or_structural_page,"render quick thumbnail; skip if visually blank, otherwise OCR render",0,0,0,0,0,0.0,0.0,
l15b4320_rapport-information.pdf,l15b4320_rapport-information.pdf,114,117,0,empty_text,blank_or_structural_page,"render quick thumbnail; skip if visually blank, otherwise OCR render",0,0,0,0,0,0.0,0.0,
l16b1454_rapport-information.pdf,l16b1454_rapport-information.pdf,2,130,0,empty_text,blank_or_structural_page,"render quick thumbnail; skip if visually blank, otherwise OCR render",0,0,4,0,0,0.0,0.0,
l16b1454_rapport-information.pdf,l16b1454_rapport-information.pdf,8,130,0,empty_text,blank_or_structural_page,"render quick thumbnail; skip if visually blank, otherwise OCR render",0,0,0,0,0,0.0,0.0,
l16b1454_rapport-information.pdf,l16b1454_rapport-information.pdf,32,130,0,empty_text,blank_or_structural_page,"render quick thumbnail; skip if visually blank, otherwise OCR render",0,0,0,0,0,0.0,0.0,
l16b1454_rapport-information.pdf,l16b1454_rapport-information.pdf,102,130,0,empty_text,blank_or_structural_page,"render quick thumbnail; skip if visually blank, otherwise OCR render",0,0,0,0,0,0.0,0.0,
l16b1454_rapport-information.pdf,l16b1454_rapport-information.pdf,114,130,0,empty_text,blank_or_structural_page,"render quick thumbnail; skip if visually blank, otherwise OCR render",0,0,0,0,0,0.0,0.0,
l16b1454_rapport-information.pdf,l16b1454_rapport-information.pdf,118,130,0,empty_text,blank_or_structural_page,"render quick thumbnail; skip if visually blank, otherwise OCR render",0,0,0,0,0,0.0,0.0,
l16b1454_rapport-information.pdf,l16b1454_rapport-information.pdf,120,130,0,empty_text,blank_or_structural_page,"render quick thumbnail; skip if visually blank, otherwise OCR render",0,0,0,0,0,0.0,0.0,
l17b2048-tvii_rapport-avis.pdf,l17b2048-tvii_rapport-avis.pdf,2,268,0,empty_text,blank_or_structural_page,"render quick thumbnail; skip if visually blank, otherwise OCR render",0,0,0,0,0,0.0,0.0,
l17b2048-tvii_rapport-avis.pdf,l17b2048-tvii_rapport-avis.pdf,8,268,0,empty_text,blank_or_structural_page,"render quick thumbnail; skip if visually blank, otherwise OCR render",0,0,0,0,0,0.0,0.0,
l17b2048-tvii_rapport-avis.pdf,l17b2048-tvii_rapport-avis.pdf,14,268,0,empty_text,blank_or_structural_page,"render quick thumbnail; skip if visually blank, otherwise OCR render",0,0,0,0,0,0.0,0.0,
l17b2048-tvii_rapport-avis.pdf,l17b2048-tvii_rapport-avis.pdf,58,268,0,empty_text,blank_or_structural_page,"render quick thumbnail; skip if visually blank, otherwise OCR render",0,0,0,0,0,0.0,0.0,