relative_path,source_file,page,page_count,char_count,reason
171110_np_arm-dpid_286-no-homologation-des-systemes-de-protection-de-site.pdf,171110_np_arm-dpid_286-no-homologation-des-systemes-de-protection-de-site.pdf,1,4,0,empty_text
171110_np_arm-dpid_286-no-homologation-des-systemes-de-protection-de-site.pdf,171110_np_arm-dpid_286-no-homologation-des-systemes-de-protection-de-site.pdf,2,4,0,empty_text
171110_np_arm-dpid_286-no-homologation-des-systemes-de-protection-de-site.pdf,171110_np_arm-dpid_286-no-homologation-des-systemes-de-protection-de-site.pdf,3,4,0,empty_text
171110_np_arm-dpid_286-no-homologation-des-systemes-de-protection-de-site.pdf,171110_np_arm-dpid_286-no-homologation-des-systemes-de-protection-de-site.pdf,4,4,0,empty_text
2005_rapport_senat_r05-2151.pdf,2005_rapport_senat_r05-2151.pdf,2,56,5,too_few_text_chars
2005_rapport_senat_r05-2151.pdf,2005_rapport_senat_r05-2151.pdf,4,56,5,too_few_text_chars
2005_rapport_senat_r05-2151.pdf,2005_rapport_senat_r05-2151.pdf,38,56,6,too_few_text_chars
2005_rapport_senat_r05-2151.pdf,2005_rapport_senat_r05-2151.pdf,46,56,6,too_few_text_chars
2005_rapport_senat_r05-2151.pdf,2005_rapport_senat_r05-2151.pdf,50,56,6,too_few_text_chars
20081006-np-cicde-pia-3312-drones-2008.pdf,20081006-np-cicde-pia-3312-drones-2008.pdf,3,25,0,empty_text
20081006-np-cicde-pia-3312-drones-2008.pdf,20081006-np-cicde-pia-3312-drones-2008.pdf,4,25,0,empty_text
20081006-np-cicde-pia-3312-drones-2008.pdf,20081006-np-cicde-pia-3312-drones-2008.pdf,5,25,0,empty_text
2011113_IGI 1300_Protection du secret de la defense nationale_NP.pdf,2011113_IGI 1300_Protection du secret de la defense nationale_NP.pdf,2,180,1,too_few_text_chars
2011113_IGI 1300_Protection du secret de la defense nationale_NP.pdf,2011113_IGI 1300_Protection du secret de la defense nationale_NP.pdf,144,180,3,too_few_text_chars
2011113_IGI 1300_Protection du secret de la defense nationale_NP.pdf,2011113_IGI 1300_Protection du secret de la defense nationale_NP.pdf,145,180,0,empty_text
2011113_IGI 1300_Protection du secret de la defense nationale_NP.pdf,2011113_IGI 1300_Protection du secret de la defense nationale_NP.pdf,146,180,3,too_few_text_chars
2011113_IGI 1300_Protection du secret de la defense nationale_NP.pdf,2011113_IGI 1300_Protection du secret de la defense nationale_NP.pdf,147,180,0,empty_text
2011113_IGI 1300_Protection du secret de la defense nationale_NP.pdf,2011113_IGI 1300_Protection du secret de la defense nationale_NP.pdf,148,180,3,too_few_text_chars
2011113_IGI 1300_Protection du secret de la defense nationale_NP.pdf,2011113_IGI 1300_Protection du secret de la defense nationale_NP.pdf,149,180,3,too_few_text_chars
2011113_IGI 1300_Protection du secret de la defense nationale_NP.pdf,2011113_IGI 1300_Protection du secret de la defense nationale_NP.pdf,150,180,3,too_few_text_chars
20120606-NP-CICDE-RDIA-2012-010-ESDA-2012_future-DIA-3.3.8.pdf,20120606-NP-CICDE-RDIA-2012-010-ESDA-2012_future-DIA-3.3.8.pdf,11,64,2,too_few_text_chars
20151016-NP-SGDSN_Strategie-nationale-securite-numerique.pdf,20151016-NP-SGDSN_Strategie-nationale-securite-numerique.pdf,2,44,0,empty_text
20151016-NP-SGDSN_Strategie-nationale-securite-numerique.pdf,20151016-NP-SGDSN_Strategie-nationale-securite-numerique.pdf,8,44,0,empty_text
20151016-NP-SGDSN_Strategie-nationale-securite-numerique.pdf,20151016-NP-SGDSN_Strategie-nationale-securite-numerique.pdf,12,44,0,empty_text
20151016-NP-SGDSN_Strategie-nationale-securite-numerique.pdf,20151016-NP-SGDSN_Strategie-nationale-securite-numerique.pdf,14,44,0,empty_text
20151016-NP-SGDSN_Strategie-nationale-securite-numerique.pdf,20151016-NP-SGDSN_Strategie-nationale-securite-numerique.pdf,20,44,0,empty_text
20151016-NP-SGDSN_Strategie-nationale-securite-numerique.pdf,20151016-NP-SGDSN_Strategie-nationale-securite-numerique.pdf,38,44,0,empty_text
20151016-NP-SGDSN_Strategie-nationale-securite-numerique.pdf,20151016-NP-SGDSN_Strategie-nationale-securite-numerique.pdf,43,44,0,empty_text
20160108_NP_CICDE_004-Lettre-grands-evenements-2.pdf,20160108_NP_CICDE_004-Lettre-grands-evenements-2.pdf,1,7,0,empty_text
20160108_NP_CICDE_004-Lettre-grands-evenements-2.pdf,20160108_NP_CICDE_004-Lettre-grands-evenements-2.pdf,2,7,0,empty_text
20160108_NP_CICDE_004-Lettre-grands-evenements-2.pdf,20160108_NP_CICDE_004-Lettre-grands-evenements-2.pdf,3,7,0,empty_text
20160108_NP_CICDE_004-Lettre-grands-evenements-2.pdf,20160108_NP_CICDE_004-Lettre-grands-evenements-2.pdf,4,7,0,empty_text
20160108_NP_CICDE_004-Lettre-grands-evenements-2.pdf,20160108_NP_CICDE_004-Lettre-grands-evenements-2.pdf,5,7,0,empty_text
20160108_NP_CICDE_004-Lettre-grands-evenements-2.pdf,20160108_NP_CICDE_004-Lettre-grands-evenements-2.pdf,6,7,0,empty_text
20160108_NP_CICDE_004-Lettre-grands-evenements-2.pdf,20160108_NP_CICDE_004-Lettre-grands-evenements-2.pdf,7,7,0,empty_text
20160311_NP_CICDE_057_Lettre_RETEX_Lutte_prevention_contre_grands_fleaux.pdf,20160311_NP_CICDE_057_Lettre_RETEX_Lutte_prevention_contre_grands_fleaux.pdf,1,6,0,empty_text
20160311_NP_CICDE_057_Lettre_RETEX_Lutte_prevention_contre_grands_fleaux.pdf,20160311_NP_CICDE_057_Lettre_RETEX_Lutte_prevention_contre_grands_fleaux.pdf,2,6,0,empty_text
20160311_NP_CICDE_057_Lettre_RETEX_Lutte_prevention_contre_grands_fleaux.pdf,20160311_NP_CICDE_057_Lettre_RETEX_Lutte_prevention_contre_grands_fleaux.pdf,3,6,0,empty_text
20160311_NP_CICDE_057_Lettre_RETEX_Lutte_prevention_contre_grands_fleaux.pdf,20160311_NP_CICDE_057_Lettre_RETEX_Lutte_prevention_contre_grands_fleaux.pdf,4,6,0,empty_text
20160311_NP_CICDE_057_Lettre_RETEX_Lutte_prevention_contre_grands_fleaux.pdf,20160311_NP_CICDE_057_Lettre_RETEX_Lutte_prevention_contre_grands_fleaux.pdf,5,6,0,empty_text
20160311_NP_CICDE_057_Lettre_RETEX_Lutte_prevention_contre_grands_fleaux.pdf,20160311_NP_CICDE_057_Lettre_RETEX_Lutte_prevention_contre_grands_fleaux.pdf,6,6,0,empty_text
20160426_np_cicde_084_lettre_synthese_croisee_gb-fr_operations_face_epid.pdf,20160426_np_cicde_084_lettre_synthese_croisee_gb-fr_operations_face_epid.pdf,1,5,0,empty_text
20160426_np_cicde_084_lettre_synthese_croisee_gb-fr_operations_face_epid.pdf,20160426_np_cicde_084_lettre_synthese_croisee_gb-fr_operations_face_epid.pdf,2,5,0,empty_text
20160426_np_cicde_084_lettre_synthese_croisee_gb-fr_operations_face_epid.pdf,20160426_np_cicde_084_lettre_synthese_croisee_gb-fr_operations_face_epid.pdf,3,5,0,empty_text
20160426_np_cicde_084_lettre_synthese_croisee_gb-fr_operations_face_epid.pdf,20160426_np_cicde_084_lettre_synthese_croisee_gb-fr_operations_face_epid.pdf,4,5,0,empty_text
20160426_np_cicde_084_lettre_synthese_croisee_gb-fr_operations_face_epid.pdf,20160426_np_cicde_084_lettre_synthese_croisee_gb-fr_operations_face_epid.pdf,5,5,0,empty_text
20160527_np_cicde_108_lettre_gagner_la_guerre_gagner_la_paix_-_approche_retex.pdf,20160527_np_cicde_108_lettre_gagner_la_guerre_gagner_la_paix_-_approche_retex.pdf,1,7,0,empty_text
20160527_np_cicde_108_lettre_gagner_la_guerre_gagner_la_paix_-_approche_retex.pdf,20160527_np_cicde_108_lettre_gagner_la_guerre_gagner_la_paix_-_approche_retex.pdf,2,7,0,empty_text
20160527_np_cicde_108_lettre_gagner_la_guerre_gagner_la_paix_-_approche_retex.pdf,20160527_np_cicde_108_lettre_gagner_la_guerre_gagner_la_paix_-_approche_retex.pdf,3,7,0,empty_text
20160527_np_cicde_108_lettre_gagner_la_guerre_gagner_la_paix_-_approche_retex.pdf,20160527_np_cicde_108_lettre_gagner_la_guerre_gagner_la_paix_-_approche_retex.pdf,4,7,0,empty_text
20160527_np_cicde_108_lettre_gagner_la_guerre_gagner_la_paix_-_approche_retex.pdf,20160527_np_cicde_108_lettre_gagner_la_guerre_gagner_la_paix_-_approche_retex.pdf,5,7,0,empty_text
20160527_np_cicde_108_lettre_gagner_la_guerre_gagner_la_paix_-_approche_retex.pdf,20160527_np_cicde_108_lettre_gagner_la_guerre_gagner_la_paix_-_approche_retex.pdf,6,7,0,empty_text
20160527_np_cicde_108_lettre_gagner_la_guerre_gagner_la_paix_-_approche_retex.pdf,20160527_np_cicde_108_lettre_gagner_la_guerre_gagner_la_paix_-_approche_retex.pdf,7,7,0,empty_text
20170101_NP_Convention_ASN-ASND - Laboratoires CEA et marine.pdf,20170101_NP_Convention_ASN-ASND - Laboratoires CEA et marine.pdf,1,5,0,empty_text
20170101_NP_Convention_ASN-ASND - Laboratoires CEA et marine.pdf,20170101_NP_Convention_ASN-ASND - Laboratoires CEA et marine.pdf,2,5,0,empty_text
20170101_NP_Convention_ASN-ASND - Laboratoires CEA et marine.pdf,20170101_NP_Convention_ASN-ASND - Laboratoires CEA et marine.pdf,3,5,0,empty_text
20170101_NP_Convention_ASN-ASND - Laboratoires CEA et marine.pdf,20170101_NP_Convention_ASN-ASND - Laboratoires CEA et marine.pdf,4,5,0,empty_text
20170101_NP_Convention_ASN-ASND - Laboratoires CEA et marine.pdf,20170101_NP_Convention_ASN-ASND - Laboratoires CEA et marine.pdf,5,5,0,empty_text
20181019_NP_DPID_Note-278-vidéoprotection-sur-la-voie-publique.pdf,20181019_NP_DPID_Note-278-vidéoprotection-sur-la-voie-publique.pdf,1,3,0,empty_text
20181019_NP_DPID_Note-278-vidéoprotection-sur-la-voie-publique.pdf,20181019_NP_DPID_Note-278-vidéoprotection-sur-la-voie-publique.pdf,2,3,0,empty_text
20181019_NP_DPID_Note-278-vidéoprotection-sur-la-voie-publique.pdf,20181019_NP_DPID_Note-278-vidéoprotection-sur-la-voie-publique.pdf,3,3,0,empty_text
2018_NP_ARM_Rapport_Aux harkis la France reconnaissante.pdf,2018_NP_ARM_Rapport_Aux harkis la France reconnaissante.pdf,186,198,3,too_few_text_chars
2018_NP_ARM_Rapport_Aux harkis la France reconnaissante.pdf,2018_NP_ARM_Rapport_Aux harkis la France reconnaissante.pdf,187,198,3,too_few_text_chars
2018_NP_ARM_Rapport_Aux harkis la France reconnaissante.pdf,2018_NP_ARM_Rapport_Aux harkis la France reconnaissante.pdf,188,198,3,too_few_text_chars
20190909_NP_EMAT-NP_LE508717-SYNTHESE-ANNUELLE-DU-RETEX-CYCLE-2018-2019-2.pdf,20190909_NP_EMAT-NP_LE508717-SYNTHESE-ANNUELLE-DU-RETEX-CYCLE-2018-2019-2.pdf,2,12,16,too_few_text_chars
20191113_NP_CDEC-NP_503364-Synthèse-RETEX-portant-sur-participation-armée-de-terre-sécurisation-grands-événements-2.pdf,20191113_NP_CDEC-NP_503364-Synthèse-RETEX-portant-sur-participation-armée-de-terre-sécurisation-grands-événements-2.pdf,12,12,0,empty_text
2021_rapport_senat_r20-7111.pdf,2021_rapport_senat_r20-7111.pdf,2,65,0,empty_text
2021_rapport_senat_r20-7111.pdf,2021_rapport_senat_r20-7111.pdf,8,65,0,empty_text
2021_rapport_senat_r20-7111.pdf,2021_rapport_senat_r20-7111.pdf,14,65,6,too_few_text_chars
2021_rapport_senat_r20-7111.pdf,2021_rapport_senat_r20-7111.pdf,48,65,0,empty_text
2021_rapport_senat_r20-7111.pdf,2021_rapport_senat_r20-7111.pdf,60,65,0,empty_text
2021_rapport_senat_r20-7111.pdf,2021_rapport_senat_r20-7111.pdf,62,65,0,empty_text
20220405_ARM_SGA_DRHMD_FSS_0001D22005828_Pice-jointe_Glossaire_RH.pdf,20220405_ARM_SGA_DRHMD_FSS_0001D22005828_Pice-jointe_Glossaire_RH.pdf,29,39,2,too_few_text_chars
20221012_NP_EMAT_GRAT-2022.pdf,20221012_NP_EMAT_GRAT-2022.pdf,1,158,0,empty_text
20221012_NP_EMAT_GRAT-2022.pdf,20221012_NP_EMAT_GRAT-2022.pdf,2,158,0,empty_text
20221012_NP_EMAT_GRAT-2022.pdf,20221012_NP_EMAT_GRAT-2022.pdf,70,158,2,too_few_text_chars
20221012_NP_EMAT_GRAT-2022.pdf,20221012_NP_EMAT_GRAT-2022.pdf,72,158,2,too_few_text_chars
20221012_NP_EMAT_GRAT-2022.pdf,20221012_NP_EMAT_GRAT-2022.pdf,73,158,2,too_few_text_chars
20221012_NP_EMAT_GRAT-2022.pdf,20221012_NP_EMAT_GRAT-2022.pdf,74,158,2,too_few_text_chars
20221012_NP_EMAT_GRAT-2022.pdf,20221012_NP_EMAT_GRAT-2022.pdf,75,158,2,too_few_text_chars
20221012_NP_EMAT_GRAT-2022.pdf,20221012_NP_EMAT_GRAT-2022.pdf,148,158,15,too_few_text_chars
20230125_NP_DPID-DAME_Extrait-memento-ZICAD.pdf,20230125_NP_DPID-DAME_Extrait-memento-ZICAD.pdf,1,26,0,empty_text
20230125_NP_DPID-DAME_Extrait-memento-ZICAD.pdf,20230125_NP_DPID-DAME_Extrait-memento-ZICAD.pdf,2,26,0,empty_text
20230125_NP_DPID-DAME_Extrait-memento-ZICAD.pdf,20230125_NP_DPID-DAME_Extrait-memento-ZICAD.pdf,3,26,0,empty_text
20230125_NP_DPID-DAME_Extrait-memento-ZICAD.pdf,20230125_NP_DPID-DAME_Extrait-memento-ZICAD.pdf,4,26,0,empty_text
20230125_NP_DPID-DAME_Extrait-memento-ZICAD.pdf,20230125_NP_DPID-DAME_Extrait-memento-ZICAD.pdf,5,26,0,empty_text
20230125_NP_DPID-DAME_Extrait-memento-ZICAD.pdf,20230125_NP_DPID-DAME_Extrait-memento-ZICAD.pdf,6,26,0,empty_text
20230125_NP_DPID-DAME_Extrait-memento-ZICAD.pdf,20230125_NP_DPID-DAME_Extrait-memento-ZICAD.pdf,7,26,0,empty_text
20230125_NP_DPID-DAME_Extrait-memento-ZICAD.pdf,20230125_NP_DPID-DAME_Extrait-memento-ZICAD.pdf,8,26,0,empty_text
20230125_NP_DPID-DAME_Extrait-memento-ZICAD.pdf,20230125_NP_DPID-DAME_Extrait-memento-ZICAD.pdf,9,26,0,empty_text
20230125_NP_DPID-DAME_Extrait-memento-ZICAD.pdf,20230125_NP_DPID-DAME_Extrait-memento-ZICAD.pdf,10,26,0,empty_text
20230125_NP_DPID-DAME_Extrait-memento-ZICAD.pdf,20230125_NP_DPID-DAME_Extrait-memento-ZICAD.pdf,11,26,0,empty_text
20230125_NP_DPID-DAME_Extrait-memento-ZICAD.pdf,20230125_NP_DPID-DAME_Extrait-memento-ZICAD.pdf,12,26,0,empty_text
20230125_NP_DPID-DAME_Extrait-memento-ZICAD.pdf,20230125_NP_DPID-DAME_Extrait-memento-ZICAD.pdf,13,26,0,empty_text
20230125_NP_DPID-DAME_Extrait-memento-ZICAD.pdf,20230125_NP_DPID-DAME_Extrait-memento-ZICAD.pdf,14,26,0,empty_text
20230125_NP_DPID-DAME_Extrait-memento-ZICAD.pdf,20230125_NP_DPID-DAME_Extrait-memento-ZICAD.pdf,15,26,0,empty_text
20230125_NP_DPID-DAME_Extrait-memento-ZICAD.pdf,20230125_NP_DPID-DAME_Extrait-memento-ZICAD.pdf,16,26,0,empty_text
20230125_NP_DPID-DAME_Extrait-memento-ZICAD.pdf,20230125_NP_DPID-DAME_Extrait-memento-ZICAD.pdf,17,26,0,empty_text
20230125_NP_DPID-DAME_Extrait-memento-ZICAD.pdf,20230125_NP_DPID-DAME_Extrait-memento-ZICAD.pdf,18,26,0,empty_text
20230125_NP_DPID-DAME_Extrait-memento-ZICAD.pdf,20230125_NP_DPID-DAME_Extrait-memento-ZICAD.pdf,19,26,0,empty_text
20230125_NP_DPID-DAME_Extrait-memento-ZICAD.pdf,20230125_NP_DPID-DAME_Extrait-memento-ZICAD.pdf,20,26,0,empty_text
20230125_NP_DPID-DAME_Extrait-memento-ZICAD.pdf,20230125_NP_DPID-DAME_Extrait-memento-ZICAD.pdf,21,26,0,empty_text
20230125_NP_DPID-DAME_Extrait-memento-ZICAD.pdf,20230125_NP_DPID-DAME_Extrait-memento-ZICAD.pdf,22,26,0,empty_text
20230125_NP_DPID-DAME_Extrait-memento-ZICAD.pdf,20230125_NP_DPID-DAME_Extrait-memento-ZICAD.pdf,23,26,0,empty_text
20230125_NP_DPID-DAME_Extrait-memento-ZICAD.pdf,20230125_NP_DPID-DAME_Extrait-memento-ZICAD.pdf,24,26,0,empty_text
20230125_NP_DPID-DAME_Extrait-memento-ZICAD.pdf,20230125_NP_DPID-DAME_Extrait-memento-ZICAD.pdf,25,26,0,empty_text
20230125_NP_DPID-DAME_Extrait-memento-ZICAD.pdf,20230125_NP_DPID-DAME_Extrait-memento-ZICAD.pdf,26,26,0,empty_text
20230620_np_dpid_dm34.pdf,20230620_np_dpid_dm34.pdf,2,34,4,too_few_text_chars
20230713_NP_DC-DIRISI-BAR_403964-PV-BILATERALE-TECHNIQUE-CICOS-DIRISI-09311385.pdf,20230713_NP_DC-DIRISI-BAR_403964-PV-BILATERALE-TECHNIQUE-CICOS-DIRISI-09311385.pdf,1,12,0,empty_text
20230713_NP_DC-DIRISI-BAR_403964-PV-BILATERALE-TECHNIQUE-CICOS-DIRISI-09311385.pdf,20230713_NP_DC-DIRISI-BAR_403964-PV-BILATERALE-TECHNIQUE-CICOS-DIRISI-09311385.pdf,2,12,0,empty_text
20230713_NP_DC-DIRISI-BAR_403964-PV-BILATERALE-TECHNIQUE-CICOS-DIRISI-09311385.pdf,20230713_NP_DC-DIRISI-BAR_403964-PV-BILATERALE-TECHNIQUE-CICOS-DIRISI-09311385.pdf,3,12,0,empty_text
20230713_NP_DC-DIRISI-BAR_403964-PV-BILATERALE-TECHNIQUE-CICOS-DIRISI-09311385.pdf,20230713_NP_DC-DIRISI-BAR_403964-PV-BILATERALE-TECHNIQUE-CICOS-DIRISI-09311385.pdf,4,12,0,empty_text
20230713_NP_DC-DIRISI-BAR_403964-PV-BILATERALE-TECHNIQUE-CICOS-DIRISI-09311385.pdf,20230713_NP_DC-DIRISI-BAR_403964-PV-BILATERALE-TECHNIQUE-CICOS-DIRISI-09311385.pdf,5,12,0,empty_text
20230713_NP_DC-DIRISI-BAR_403964-PV-BILATERALE-TECHNIQUE-CICOS-DIRISI-09311385.pdf,20230713_NP_DC-DIRISI-BAR_403964-PV-BILATERALE-TECHNIQUE-CICOS-DIRISI-09311385.pdf,6,12,0,empty_text
20230713_NP_DC-DIRISI-BAR_403964-PV-BILATERALE-TECHNIQUE-CICOS-DIRISI-09311385.pdf,20230713_NP_DC-DIRISI-BAR_403964-PV-BILATERALE-TECHNIQUE-CICOS-DIRISI-09311385.pdf,7,12,0,empty_text
20230713_NP_DC-DIRISI-BAR_403964-PV-BILATERALE-TECHNIQUE-CICOS-DIRISI-09311385.pdf,20230713_NP_DC-DIRISI-BAR_403964-PV-BILATERALE-TECHNIQUE-CICOS-DIRISI-09311385.pdf,8,12,0,empty_text
20230713_NP_DC-DIRISI-BAR_403964-PV-BILATERALE-TECHNIQUE-CICOS-DIRISI-09311385.pdf,20230713_NP_DC-DIRISI-BAR_403964-PV-BILATERALE-TECHNIQUE-CICOS-DIRISI-09311385.pdf,9,12,0,empty_text
20230713_NP_DC-DIRISI-BAR_403964-PV-BILATERALE-TECHNIQUE-CICOS-DIRISI-09311385.pdf,20230713_NP_DC-DIRISI-BAR_403964-PV-BILATERALE-TECHNIQUE-CICOS-DIRISI-09311385.pdf,10,12,0,empty_text
20230713_NP_DC-DIRISI-BAR_403964-PV-BILATERALE-TECHNIQUE-CICOS-DIRISI-09311385.pdf,20230713_NP_DC-DIRISI-BAR_403964-PV-BILATERALE-TECHNIQUE-CICOS-DIRISI-09311385.pdf,11,12,0,empty_text
20230713_NP_DC-DIRISI-BAR_403964-PV-BILATERALE-TECHNIQUE-CICOS-DIRISI-09311385.pdf,20230713_NP_DC-DIRISI-BAR_403964-PV-BILATERALE-TECHNIQUE-CICOS-DIRISI-09311385.pdf,12,12,0,empty_text
20231220_Vocabulaire militaire français-anglais.pdf,20231220_Vocabulaire militaire français-anglais.pdf,48,217,7,too_few_text_chars
20231222_NP_DMCA Bilan de l'année 2023.pdf,20231222_NP_DMCA Bilan de l'année 2023.pdf,1,4,0,empty_text
20231222_NP_DMCA Bilan de l'année 2023.pdf,20231222_NP_DMCA Bilan de l'année 2023.pdf,2,4,0,empty_text
20231222_NP_DMCA Bilan de l'année 2023.pdf,20231222_NP_DMCA Bilan de l'année 2023.pdf,3,4,0,empty_text
20231222_NP_DMCA Bilan de l'année 2023.pdf,20231222_NP_DMCA Bilan de l'année 2023.pdf,4,4,0,empty_text
20250207_NP_SGDSN_VIGINUM_Rapport menace informationnelle IA_VF.pdf,20250207_NP_SGDSN_VIGINUM_Rapport menace informationnelle IA_VF.pdf,1,28,0,empty_text
20250507_TLP-CLEAR_NP_SGDSN_VIGINUM_Rapport technique_Storm-1516.pdf,20250507_TLP-CLEAR_NP_SGDSN_VIGINUM_Rapport technique_Storm-1516.pdf,1,41,9,too_few_text_chars
20250612_TLP-CLEAR_VIGINUM_FCDO_EEAS_Rapport_Technique_African_Initiative_FR.pdf,20250612_TLP-CLEAR_VIGINUM_FCDO_EEAS_Rapport_Technique_African_Initiative_FR.pdf,1,51,0,empty_text
20250713_NP_SGDSN_Actualisation_2025_RNS_FR.pdf,20250713_NP_SGDSN_Actualisation_2025_RNS_FR.pdf,2,104,0,empty_text
20250713_NP_SGDSN_Actualisation_2025_RNS_FR.pdf,20250713_NP_SGDSN_Actualisation_2025_RNS_FR.pdf,5,104,0,empty_text
20250713_NP_SGDSN_Actualisation_2025_RNS_FR.pdf,20250713_NP_SGDSN_Actualisation_2025_RNS_FR.pdf,8,104,0,empty_text
20250713_NP_SGDSN_Actualisation_2025_RNS_FR.pdf,20250713_NP_SGDSN_Actualisation_2025_RNS_FR.pdf,9,104,14,too_few_text_chars
20250713_NP_SGDSN_Actualisation_2025_RNS_FR.pdf,20250713_NP_SGDSN_Actualisation_2025_RNS_FR.pdf,12,104,0,empty_text
20250713_NP_SGDSN_Actualisation_2025_RNS_FR.pdf,20250713_NP_SGDSN_Actualisation_2025_RNS_FR.pdf,36,104,0,empty_text
20250713_NP_SGDSN_Actualisation_2025_RNS_FR.pdf,20250713_NP_SGDSN_Actualisation_2025_RNS_FR.pdf,46,104,0,empty_text
20250713_NP_SGDSN_Actualisation_2025_RNS_FR.pdf,20250713_NP_SGDSN_Actualisation_2025_RNS_FR.pdf,58,104,0,empty_text
20250713_NP_SGDSN_Actualisation_2025_RNS_FR.pdf,20250713_NP_SGDSN_Actualisation_2025_RNS_FR.pdf,64,104,0,empty_text
20250713_NP_SGDSN_Actualisation_2025_RNS_FR.pdf,20250713_NP_SGDSN_Actualisation_2025_RNS_FR.pdf,72,104,0,empty_text
20250713_NP_SGDSN_Actualisation_2025_RNS_FR.pdf,20250713_NP_SGDSN_Actualisation_2025_RNS_FR.pdf,76,104,0,empty_text
20250713_NP_SGDSN_Actualisation_2025_RNS_FR.pdf,20250713_NP_SGDSN_Actualisation_2025_RNS_FR.pdf,86,104,0,empty_text
20250713_NP_SGDSN_Actualisation_2025_RNS_FR.pdf,20250713_NP_SGDSN_Actualisation_2025_RNS_FR.pdf,87,104,19,too_few_text_chars
20250713_NP_SGDSN_Actualisation_2025_RNS_FR.pdf,20250713_NP_SGDSN_Actualisation_2025_RNS_FR.pdf,102,104,0,empty_text
20250713_NP_SGDSN_Actualisation_2025_RNS_FR.pdf,20250713_NP_SGDSN_Actualisation_2025_RNS_FR.pdf,103,104,0,empty_text
20260122_NP_TLP-CLEAR_SGDSN_VIGINUM_MOI.pdf,20260122_NP_TLP-CLEAR_SGDSN_VIGINUM_MOI.pdf,1,14,12,too_few_text_chars
20260129_SNC-FR.pdf,20260129_SNC-FR.pdf,2,36,0,empty_text
20260129_SNC-FR.pdf,20260129_SNC-FR.pdf,4,36,0,empty_text
20260129_SNC-FR.pdf,20260129_SNC-FR.pdf,6,36,0,empty_text
20260129_SNC-FR.pdf,20260129_SNC-FR.pdf,12,36,0,empty_text
20260129_SNC-FR.pdf,20260129_SNC-FR.pdf,16,36,0,empty_text
20260129_SNC-FR.pdf,20260129_SNC-FR.pdf,20,36,0,empty_text
20260129_SNC-FR.pdf,20260129_SNC-FR.pdf,30,36,0,empty_text
20260129_SNC-FR.pdf,20260129_SNC-FR.pdf,33,36,0,empty_text
20260129_SNC-FR.pdf,20260129_SNC-FR.pdf,34,36,0,empty_text
20260129_SNC-FR.pdf,20260129_SNC-FR.pdf,35,36,0,empty_text
Af2i-Guide-Defense-2023-DIGITAL.pdf,Af2i-Guide-Defense-2023-DIGITAL.pdf,2,42,0,empty_text
Af2i-Guide-Defense-2023-DIGITAL.pdf,Af2i-Guide-Defense-2023-DIGITAL.pdf,40,42,0,empty_text
Af2i-Guide-Defense-2023-DIGITAL.pdf,Af2i-Guide-Defense-2023-DIGITAL.pdf,41,42,0,empty_text
Bilan activité SHD 2022.pdf,Bilan activité SHD 2022.pdf,26,55,6,too_few_text_chars
Bilan activité SHD 2022.pdf,Bilan activité SHD 2022.pdf,52,55,6,too_few_text_chars
CDSE_VIGINUM_Guide_sensibilisation_entreprises_FR_12-25.pdf,CDSE_VIGINUM_Guide_sensibilisation_entreprises_FR_12-25.pdf,1,28,0,empty_text
CDSE_VIGINUM_Guide_sensibilisation_entreprises_FR_12-25.pdf,CDSE_VIGINUM_Guide_sensibilisation_entreprises_FR_12-25.pdf,2,28,0,empty_text
CDSE_VIGINUM_Guide_sensibilisation_entreprises_FR_12-25.pdf,CDSE_VIGINUM_Guide_sensibilisation_entreprises_FR_12-25.pdf,3,28,0,empty_text
CDSE_VIGINUM_Guide_sensibilisation_entreprises_FR_12-25.pdf,CDSE_VIGINUM_Guide_sensibilisation_entreprises_FR_12-25.pdf,4,28,0,empty_text
CDSE_VIGINUM_Guide_sensibilisation_entreprises_FR_12-25.pdf,CDSE_VIGINUM_Guide_sensibilisation_entreprises_FR_12-25.pdf,5,28,0,empty_text
CDSE_VIGINUM_Guide_sensibilisation_entreprises_FR_12-25.pdf,CDSE_VIGINUM_Guide_sensibilisation_entreprises_FR_12-25.pdf,6,28,0,empty_text
CDSE_VIGINUM_Guide_sensibilisation_entreprises_FR_12-25.pdf,CDSE_VIGINUM_Guide_sensibilisation_entreprises_FR_12-25.pdf,7,28,0,empty_text
CDSE_VIGINUM_Guide_sensibilisation_entreprises_FR_12-25.pdf,CDSE_VIGINUM_Guide_sensibilisation_entreprises_FR_12-25.pdf,8,28,0,empty_text
CDSE_VIGINUM_Guide_sensibilisation_entreprises_FR_12-25.pdf,CDSE_VIGINUM_Guide_sensibilisation_entreprises_FR_12-25.pdf,9,28,0,empty_text
CDSE_VIGINUM_Guide_sensibilisation_entreprises_FR_12-25.pdf,CDSE_VIGINUM_Guide_sensibilisation_entreprises_FR_12-25.pdf,10,28,0,empty_text
CDSE_VIGINUM_Guide_sensibilisation_entreprises_FR_12-25.pdf,CDSE_VIGINUM_Guide_sensibilisation_entreprises_FR_12-25.pdf,11,28,0,empty_text
CDSE_VIGINUM_Guide_sensibilisation_entreprises_FR_12-25.pdf,CDSE_VIGINUM_Guide_sensibilisation_entreprises_FR_12-25.pdf,12,28,0,empty_text
CDSE_VIGINUM_Guide_sensibilisation_entreprises_FR_12-25.pdf,CDSE_VIGINUM_Guide_sensibilisation_entreprises_FR_12-25.pdf,13,28,0,empty_text
CDSE_VIGINUM_Guide_sensibilisation_entreprises_FR_12-25.pdf,CDSE_VIGINUM_Guide_sensibilisation_entreprises_FR_12-25.pdf,14,28,0,empty_text
CDSE_VIGINUM_Guide_sensibilisation_entreprises_FR_12-25.pdf,CDSE_VIGINUM_Guide_sensibilisation_entreprises_FR_12-25.pdf,15,28,0,empty_text
CDSE_VIGINUM_Guide_sensibilisation_entreprises_FR_12-25.pdf,CDSE_VIGINUM_Guide_sensibilisation_entreprises_FR_12-25.pdf,16,28,0,empty_text
CDSE_VIGINUM_Guide_sensibilisation_entreprises_FR_12-25.pdf,CDSE_VIGINUM_Guide_sensibilisation_entreprises_FR_12-25.pdf,17,28,0,empty_text
CDSE_VIGINUM_Guide_sensibilisation_entreprises_FR_12-25.pdf,CDSE_VIGINUM_Guide_sensibilisation_entreprises_FR_12-25.pdf,18,28,0,empty_text
CDSE_VIGINUM_Guide_sensibilisation_entreprises_FR_12-25.pdf,CDSE_VIGINUM_Guide_sensibilisation_entreprises_FR_12-25.pdf,19,28,0,empty_text
CDSE_VIGINUM_Guide_sensibilisation_entreprises_FR_12-25.pdf,CDSE_VIGINUM_Guide_sensibilisation_entreprises_FR_12-25.pdf,20,28,0,empty_text
CDSE_VIGINUM_Guide_sensibilisation_entreprises_FR_12-25.pdf,CDSE_VIGINUM_Guide_sensibilisation_entreprises_FR_12-25.pdf,21,28,0,empty_text
CDSE_VIGINUM_Guide_sensibilisation_entreprises_FR_12-25.pdf,CDSE_VIGINUM_Guide_sensibilisation_entreprises_FR_12-25.pdf,22,28,0,empty_text
CDSE_VIGINUM_Guide_sensibilisation_entreprises_FR_12-25.pdf,CDSE_VIGINUM_Guide_sensibilisation_entreprises_FR_12-25.pdf,23,28,0,empty_text
CDSE_VIGINUM_Guide_sensibilisation_entreprises_FR_12-25.pdf,CDSE_VIGINUM_Guide_sensibilisation_entreprises_FR_12-25.pdf,24,28,0,empty_text
CDSE_VIGINUM_Guide_sensibilisation_entreprises_FR_12-25.pdf,CDSE_VIGINUM_Guide_sensibilisation_entreprises_FR_12-25.pdf,25,28,0,empty_text
CDSE_VIGINUM_Guide_sensibilisation_entreprises_FR_12-25.pdf,CDSE_VIGINUM_Guide_sensibilisation_entreprises_FR_12-25.pdf,26,28,0,empty_text
CDSE_VIGINUM_Guide_sensibilisation_entreprises_FR_12-25.pdf,CDSE_VIGINUM_Guide_sensibilisation_entreprises_FR_12-25.pdf,27,28,0,empty_text
CDSE_VIGINUM_Guide_sensibilisation_entreprises_FR_12-25.pdf,CDSE_VIGINUM_Guide_sensibilisation_entreprises_FR_12-25.pdf,28,28,0,empty_text
COLSbleus_3126_PDFweb_PAGE.pdf,COLSbleus_3126_PDFweb_PAGE.pdf,8,68,17,too_few_text_chars
COLSbleus_3126_PDFweb_PAGE.pdf,COLSbleus_3126_PDFweb_PAGE.pdf,22,68,17,too_few_text_chars
COLSbleus_3126_PDFweb_PAGE.pdf,COLSbleus_3126_PDFweb_PAGE.pdf,40,68,14,too_few_text_chars
COLSbleus_3126_PDFweb_PAGE.pdf,COLSbleus_3126_PDFweb_PAGE.pdf,46,68,17,too_few_text_chars
COLSbleus_3126_PDFweb_PAGE.pdf,COLSbleus_3126_PDFweb_PAGE.pdf,68,68,0,empty_text
Calepin des entreprises international 2026 VA.pdf,Calepin des entreprises international 2026 VA.pdf,3,226,0,empty_text
Calepin des entreprises international 2026 VA.pdf,Calepin des entreprises international 2026 VA.pdf,5,226,0,empty_text
Calepin des entreprises international 2026 VA.pdf,Calepin des entreprises international 2026 VA.pdf,221,226,9,too_few_text_chars
Calepin des entreprises international 2026 VA.pdf,Calepin des entreprises international 2026 VA.pdf,222,226,9,too_few_text_chars
Calepin des entreprises international 2026 VA.pdf,Calepin des entreprises international 2026 VA.pdf,223,226,9,too_few_text_chars
Calepin des entreprises international 2026 VA.pdf,Calepin des entreprises international 2026 VA.pdf,224,226,9,too_few_text_chars
Calepin des entreprises international 2026 VF.pdf,Calepin des entreprises international 2026 VF.pdf,3,226,0,empty_text
Calepin des entreprises international 2026 VF.pdf,Calepin des entreprises international 2026 VF.pdf,221,226,9,too_few_text_chars
Calepin des entreprises international 2026 VF.pdf,Calepin des entreprises international 2026 VF.pdf,222,226,9,too_few_text_chars
Calepin des entreprises international 2026 VF.pdf,Calepin des entreprises international 2026 VF.pdf,223,226,9,too_few_text_chars
Calepin des entreprises international 2026 VF.pdf,Calepin des entreprises international 2026 VF.pdf,224,226,9,too_few_text_chars
Chiffres clés de la Défense - 2024 FR.pdf,Chiffres clés de la Défense - 2024 FR.pdf,2,34,1,too_few_text_chars
Chiffres clés données 2022_TDM_v0_260224.pdf,Chiffres clés données 2022_TDM_v0_260224.pdf,1,14,0,empty_text
Chiffres clés données 2022_TDM_v0_260224.pdf,Chiffres clés données 2022_TDM_v0_260224.pdf,2,14,15,too_few_text_chars
Chiffres clés données 2022_TDM_v0_260224.pdf,Chiffres clés données 2022_TDM_v0_260224.pdf,3,14,0,empty_text
Chiffres clés données 2022_TDM_v0_260224.pdf,Chiffres clés données 2022_TDM_v0_260224.pdf,4,14,0,empty_text
Chiffres clés données 2022_TDM_v0_260224.pdf,Chiffres clés données 2022_TDM_v0_260224.pdf,5,14,0,empty_text
Chiffres clés données 2022_TDM_v0_260224.pdf,Chiffres clés données 2022_TDM_v0_260224.pdf,6,14,0,empty_text
Chiffres clés données 2022_TDM_v0_260224.pdf,Chiffres clés données 2022_TDM_v0_260224.pdf,7,14,1,too_few_text_chars
Chiffres clés données 2022_TDM_v0_260224.pdf,Chiffres clés données 2022_TDM_v0_260224.pdf,10,14,0,empty_text
Chiffres clés données 2022_TDM_v0_260224.pdf,Chiffres clés données 2022_TDM_v0_260224.pdf,11,14,0,empty_text
Chiffres clés données 2022_TDM_v0_260224.pdf,Chiffres clés données 2022_TDM_v0_260224.pdf,12,14,0,empty_text
Chiffres clés données 2022_TDM_v0_260224.pdf,Chiffres clés données 2022_TDM_v0_260224.pdf,13,14,0,empty_text
Communiqué_A_La DGA commande cinq avions de surveillance Albatros à Dassault Aviation.pdf,Communiqué_A_La DGA commande cinq avions de surveillance Albatros à Dassault Aviation.pdf,2,3,0,empty_text
Drones navales DENIS.pdf,Drones navales DENIS.pdf,2,107,1,too_few_text_chars
Drones navales DENIS.pdf,Drones navales DENIS.pdf,3,107,1,too_few_text_chars
Drones navales DENIS.pdf,Drones navales DENIS.pdf,6,107,1,too_few_text_chars
Drones navales DENIS.pdf,Drones navales DENIS.pdf,12,107,2,too_few_text_chars
Drones navales DENIS.pdf,Drones navales DENIS.pdf,86,107,2,too_few_text_chars
"EPS 2022-01 - Essaims de drones aériens, menaces et opportunités.pdf","EPS 2022-01 - Essaims de drones aériens, menaces et opportunités.pdf",1,136,1,too_few_text_chars
"EPS 2022-01 - Essaims de drones aériens, menaces et opportunités.pdf","EPS 2022-01 - Essaims de drones aériens, menaces et opportunités.pdf",89,136,2,too_few_text_chars
EtudePECAPEC_VFinale.pdf,EtudePECAPEC_VFinale.pdf,16,75,2,too_few_text_chars
EtudePECAPEC_VFinale.pdf,EtudePECAPEC_VFinale.pdf,71,75,8,too_few_text_chars
EtudePECAPEC_VFinale.pdf,EtudePECAPEC_VFinale.pdf,72,75,2,too_few_text_chars
EtudePECAPEC_VFinale.pdf,EtudePECAPEC_VFinale.pdf,73,75,8,too_few_text_chars
EtudePECAPEC_VFinale.pdf,EtudePECAPEC_VFinale.pdf,74,75,8,too_few_text_chars
Feuille de route stratégique OSIIC 2024-2027 NP v1.0.pdf,Feuille de route stratégique OSIIC 2024-2027 NP v1.0.pdf,1,10,0,empty_text
Feuille de route stratégique OSIIC 2024-2027 NP v1.0.pdf,Feuille de route stratégique OSIIC 2024-2027 NP v1.0.pdf,3,10,0,empty_text
Feuille de route stratégique OSIIC 2024-2027 NP v1.0.pdf,Feuille de route stratégique OSIIC 2024-2027 NP v1.0.pdf,4,10,0,empty_text
Fiche technique A330.pdf,Fiche technique A330.pdf,2,16,12,too_few_text_chars
Fiche technique A330.pdf,Fiche technique A330.pdf,5,16,4,too_few_text_chars
Fiche technique A400M.pdf,Fiche technique A400M.pdf,3,16,10,too_few_text_chars
Fiche technique A400M.pdf,Fiche technique A400M.pdf,5,16,1,too_few_text_chars
Fiche technique A400M.pdf,Fiche technique A400M.pdf,7,16,10,too_few_text_chars
Fiche technique A400M.pdf,Fiche technique A400M.pdf,12,16,2,too_few_text_chars
Fiche technique Reaper.pdf,Fiche technique Reaper.pdf,5,24,1,too_few_text_chars
Fiche technique Reaper.pdf,Fiche technique Reaper.pdf,9,24,1,too_few_text_chars
Fiche technique Reaper.pdf,Fiche technique Reaper.pdf,13,24,2,too_few_text_chars
Fiche technique Reaper.pdf,Fiche technique Reaper.pdf,19,24,2,too_few_text_chars
Fiche technique Reaper.pdf,Fiche technique Reaper.pdf,23,24,2,too_few_text_chars
Guide_Securite_PEC_022024.pdf,Guide_Securite_PEC_022024.pdf,2,108,0,empty_text
LMI_PEC_2023.pdf,LMI_PEC_2023.pdf,51,68,5,too_few_text_chars
LMI_PEC_2023.pdf,LMI_PEC_2023.pdf,59,68,5,too_few_text_chars
LMI_PEC_2023.pdf,LMI_PEC_2023.pdf,63,68,2,too_few_text_chars
LMI_PEC_2023.pdf,LMI_PEC_2023.pdf,65,68,5,too_few_text_chars
LMI_Tome2_PEC2024.pdf,LMI_Tome2_PEC2024.pdf,13,88,2,too_few_text_chars
LMI_Tome2_PEC2024.pdf,LMI_Tome2_PEC2024.pdf,63,88,5,too_few_text_chars
LMI_Tome2_PEC2024.pdf,LMI_Tome2_PEC2024.pdf,73,88,5,too_few_text_chars
LSAe_38_V6_FINAL_FINAL_REDUIT.pdf,LSAe_38_V6_FINAL_FINAL_REDUIT.pdf,2,12,0,empty_text
LSAe_38_V6_FINAL_FINAL_REDUIT.pdf,LSAe_38_V6_FINAL_FINAL_REDUIT.pdf,11,12,0,empty_text
Maquette-IA-DEFENSE_2025_VDEF_WEB.pdf,Maquette-IA-DEFENSE_2025_VDEF_WEB.pdf,9,84,1,too_few_text_chars
Maquette-IA-DEFENSE_2025_VDEF_WEB.pdf,Maquette-IA-DEFENSE_2025_VDEF_WEB.pdf,23,84,5,too_few_text_chars
Maquette-IA-DEFENSE_2025_VDEF_WEB.pdf,Maquette-IA-DEFENSE_2025_VDEF_WEB.pdf,39,84,5,too_few_text_chars
Maquette-IA-DEFENSE_2025_VDEF_WEB.pdf,Maquette-IA-DEFENSE_2025_VDEF_WEB.pdf,61,84,5,too_few_text_chars
Maquette-IA-DEFENSE_2025_VDEF_WEB.pdf,Maquette-IA-DEFENSE_2025_VDEF_WEB.pdf,71,84,2,too_few_text_chars
Maquette-IA-DEFENSE_2025_VDEF_WEB.pdf,Maquette-IA-DEFENSE_2025_VDEF_WEB.pdf,75,84,5,too_few_text_chars
Maquette-IA-DEFENSE_2025_VDEF_WEB.pdf,Maquette-IA-DEFENSE_2025_VDEF_WEB.pdf,83,84,2,too_few_text_chars
NP_rapport_parlementaire_drone.pdf,NP_rapport_parlementaire_drone.pdf,2,99,0,empty_text
NP_rapport_parlementaire_drone.pdf,NP_rapport_parlementaire_drone.pdf,6,99,0,empty_text
NP_rapport_parlementaire_drone.pdf,NP_rapport_parlementaire_drone.pdf,34,99,0,empty_text
NP_rapport_parlementaire_drone.pdf,NP_rapport_parlementaire_drone.pdf,70,99,0,empty_text
NP_rapport_parlementaire_drone.pdf,NP_rapport_parlementaire_drone.pdf,82,99,0,empty_text
NP_rapport_parlementaire_drone.pdf,NP_rapport_parlementaire_drone.pdf,92,99,0,empty_text
NP_rapport_parlementaire_drone.pdf,NP_rapport_parlementaire_drone.pdf,96,99,0,empty_text
Note_Cout RH de la dronisation_juin 2025.pdf,Note_Cout RH de la dronisation_juin 2025.pdf,4,37,0,empty_text
ObsDrones - Bulletin de veille n1 - Janvier Février 2024.pdf,ObsDrones - Bulletin de veille n1 - Janvier Février 2024.pdf,16,16,0,empty_text
ObsDrones - Bulletin de veille n2 - Mars Avril 2024.pdf,ObsDrones - Bulletin de veille n2 - Mars Avril 2024.pdf,16,16,0,empty_text
ObsDrones - Bulletin de veille n3 - Mai Juin 2024.pdf,ObsDrones - Bulletin de veille n3 - Mai Juin 2024.pdf,16,16,2,too_few_text_chars
ObsDrones - Bulletin de veille n6 - novembre-décembre 2024.pdf,ObsDrones - Bulletin de veille n6 - novembre-décembre 2024.pdf,17,17,2,too_few_text_chars
ObsDrones - bulletin de veille n4 - Juillet Aout 2024.pdf,ObsDrones - bulletin de veille n4 - Juillet Aout 2024.pdf,16,16,0,empty_text
Obsdrones - Bulletin-de-veille-n05-septembre-octobre.pdf,Obsdrones - Bulletin-de-veille-n05-septembre-octobre.pdf,16,16,2,too_few_text_chars
PEC_LIVRE-BLANC-INNOVATION_2025.pdf,PEC_LIVRE-BLANC-INNOVATION_2025.pdf,9,68,1,too_few_text_chars
PEC_LIVRE-BLANC-INNOVATION_2025.pdf,PEC_LIVRE-BLANC-INNOVATION_2025.pdf,19,68,8,too_few_text_chars
PEC_LIVRE-BLANC-INNOVATION_2025.pdf,PEC_LIVRE-BLANC-INNOVATION_2025.pdf,33,68,8,too_few_text_chars
PEC_LIVRE-BLANC-INNOVATION_2025.pdf,PEC_LIVRE-BLANC-INNOVATION_2025.pdf,45,68,8,too_few_text_chars
PEC_LIVRE-BLANC-INNOVATION_2025.pdf,PEC_LIVRE-BLANC-INNOVATION_2025.pdf,67,68,2,too_few_text_chars
Quel-chemin-pour-conquerir-notre-Autonomie-Strategique-Numerique-1-1.pdf,Quel-chemin-pour-conquerir-notre-Autonomie-Strategique-Numerique-1-1.pdf,7,8,1,too_few_text_chars
RA_PEC_2024.pdf,RA_PEC_2024.pdf,25,32,2,too_few_text_chars
RNCE_19_Juillet_2023.pdf,RNCE_19_Juillet_2023.pdf,1,275,0,empty_text
RNCE_19_Juillet_2023.pdf,RNCE_19_Juillet_2023.pdf,8,275,12,too_few_text_chars
RNCE_19_Juillet_2023.pdf,RNCE_19_Juillet_2023.pdf,266,275,9,too_few_text_chars
RNCE_19_Juillet_2023.pdf,RNCE_19_Juillet_2023.pdf,275,275,0,empty_text
RRCBE_v6_01012023_version_enrichie.pdf,RRCBE_v6_01012023_version_enrichie.pdf,2,224,0,empty_text
RRCBE_v6_01012023_version_enrichie.pdf,RRCBE_v6_01012023_version_enrichie.pdf,128,224,1,too_few_text_chars
RRCBE_v6_01012023_version_enrichie.pdf,RRCBE_v6_01012023_version_enrichie.pdf,160,224,3,too_few_text_chars
RRCBE_v6_01012023_version_enrichie.pdf,RRCBE_v6_01012023_version_enrichie.pdf,223,224,0,empty_text
RRCBE_v6_01012023_version_enrichie.pdf,RRCBE_v6_01012023_version_enrichie.pdf,224,224,0,empty_text
Rapport n°1_Conséquences et enseignements de la guerre en Ukraine pour la politique de défense américaine.pdf,Rapport n°1_Conséquences et enseignements de la guerre en Ukraine pour la politique de défense américaine.pdf,6,85,0,empty_text
Rapport n°1_Conséquences et enseignements de la guerre en Ukraine pour la politique de défense américaine.pdf,Rapport n°1_Conséquences et enseignements de la guerre en Ukraine pour la politique de défense américaine.pdf,10,85,0,empty_text
Stratégie nationale de lutte contre les manipulations de l'information_FR.pdf,Stratégie nationale de lutte contre les manipulations de l'information_FR.pdf,2,66,0,empty_text
Stratégie nationale de lutte contre les manipulations de l'information_FR.pdf,Stratégie nationale de lutte contre les manipulations de l'information_FR.pdf,7,66,0,empty_text
Stratégie nationale de lutte contre les manipulations de l'information_FR.pdf,Stratégie nationale de lutte contre les manipulations de l'information_FR.pdf,10,66,0,empty_text
Stratégie nationale de lutte contre les manipulations de l'information_FR.pdf,Stratégie nationale de lutte contre les manipulations de l'information_FR.pdf,11,66,0,empty_text
Stratégie nationale de lutte contre les manipulations de l'information_FR.pdf,Stratégie nationale de lutte contre les manipulations de l'information_FR.pdf,38,66,0,empty_text
Stratégie nationale de lutte contre les manipulations de l'information_FR.pdf,Stratégie nationale de lutte contre les manipulations de l'information_FR.pdf,65,66,0,empty_text
VIGINUM_rapport_activité_24_vd.pdf,VIGINUM_rapport_activité_24_vd.pdf,4,32,0,empty_text
VIGINUM_rapport_activité_24_vd.pdf,VIGINUM_rapport_activité_24_vd.pdf,31,32,0,empty_text
VIGINUM_rapport_activité_24_vd.pdf,VIGINUM_rapport_activité_24_vd.pdf,32,32,0,empty_text
bem-48.pdf,bem-48.pdf,1,88,0,empty_text
bem-48.pdf,bem-48.pdf,3,88,0,empty_text
bem-48.pdf,bem-48.pdf,5,88,0,empty_text
bem-48.pdf,bem-48.pdf,21,88,0,empty_text
bem-48.pdf,bem-48.pdf,29,88,0,empty_text
bem-48.pdf,bem-48.pdf,43,88,0,empty_text
bem-48.pdf,bem-48.pdf,65,88,0,empty_text
bem-48.pdf,bem-48.pdf,73,88,0,empty_text
bem-48.pdf,bem-48.pdf,79,88,0,empty_text
bem-48.pdf,bem-48.pdf,88,88,0,empty_text
caia-125-bd-ok.pdf,caia-125-bd-ok.pdf,103,104,0,empty_text
"l'EPS 2021-08 M2MC enjeux, opportunités et risques à l'horizon 2035-2040.pdf","l'EPS 2021-08 M2MC enjeux, opportunités et risques à l'horizon 2035-2040.pdf",16,139,0,empty_text
"l'EPS 2021-08 M2MC enjeux, opportunités et risques à l'horizon 2035-2040.pdf","l'EPS 2021-08 M2MC enjeux, opportunités et risques à l'horizon 2035-2040.pdf",28,139,0,empty_text
"l'EPS 2021-08 M2MC enjeux, opportunités et risques à l'horizon 2035-2040.pdf","l'EPS 2021-08 M2MC enjeux, opportunités et risques à l'horizon 2035-2040.pdf",56,139,0,empty_text
l15b4320_rapport-information.pdf,l15b4320_rapport-information.pdf,12,117,0,empty_text
l15b4320_rapport-information.pdf,l15b4320_rapport-information.pdf,48,117,0,empty_text
l15b4320_rapport-information.pdf,l15b4320_rapport-information.pdf,84,117,0,empty_text
l15b4320_rapport-information.pdf,l15b4320_rapport-information.pdf,114,117,0,empty_text
l16b1454_rapport-information.pdf,l16b1454_rapport-information.pdf,2,130,0,empty_text
l16b1454_rapport-information.pdf,l16b1454_rapport-information.pdf,8,130,0,empty_text
l16b1454_rapport-information.pdf,l16b1454_rapport-information.pdf,32,130,0,empty_text
l16b1454_rapport-information.pdf,l16b1454_rapport-information.pdf,102,130,0,empty_text
l16b1454_rapport-information.pdf,l16b1454_rapport-information.pdf,114,130,0,empty_text
l16b1454_rapport-information.pdf,l16b1454_rapport-information.pdf,118,130,0,empty_text
l16b1454_rapport-information.pdf,l16b1454_rapport-information.pdf,120,130,0,empty_text
l17b2048-tvii_rapport-avis.pdf,l17b2048-tvii_rapport-avis.pdf,2,268,0,empty_text
l17b2048-tvii_rapport-avis.pdf,l17b2048-tvii_rapport-avis.pdf,8,268,0,empty_text
l17b2048-tvii_rapport-avis.pdf,l17b2048-tvii_rapport-avis.pdf,14,268,0,empty_text
l17b2048-tvii_rapport-avis.pdf,l17b2048-tvii_rapport-avis.pdf,58,268,0,empty_text
l17b2048-tvii_rapport-avis.pdf,l17b2048-tvii_rapport-avis.pdf,128,268,0,empty_text
l17b2048-tvii_rapport-avis.pdf,l17b2048-tvii_rapport-avis.pdf,206,268,0,empty_text
l17b2048-tvii_rapport-avis.pdf,l17b2048-tvii_rapport-avis.pdf,266,268,0,empty_text
unmanned_vehicles_size.pdf,unmanned_vehicles_size.pdf,1,1,0,empty_text
